,Brand,Processor_brand,Processor_name,Ram_gb,Ssd,Hdd,Os,Os_bit,Graphic_card_gb,Weight,Warranty,Touchscreen,Msoffice,Price,Number of ratings,Number of reviews
0,ASUS,Intel,Core i3,4,512,1024,Windows,64,0,Casual,1,0,0,34649,3,0
1,Lenovo,Intel,Core i3,4,512,1024,Windows,64,0,Casual,1,0,0,38999,65,5
2,Lenovo,Intel,Core i3,4,512,1024,Windows,64,0,Casual,1,0,0,39999,8,1
3,ASUS,Intel,Core i5,8,512,0,Windows,32,2,Casual,1,0,0,69990,0,0
4,ASUS,Intel,Celeron Dual,4,512,512,Windows,64,0,Casual,1,0,0,26990,0,0
5,ASUS,Intel,Celeron Dual,4,512,512,Windows,64,0,Casual,1,0,0,22990,0,0
6,ASUS,Intel,Celeron Dual,4,512,512,Windows,32,0,Casual,1,0,0,21990,31,3
7,ASUS,Intel,Core i5,8,512,1024,Windows,32,2,Casual,1,0,0,58799,0,0
8,Lenovo,Intel,Core i5,4,512,1024,Windows,32,0,Casual,1,0,0,49999,0,0
9,acer,AMD,Ryzen 5,4,512,512,Windows,32,4,Casual,1,0,0,59990,1946,240
10,acer,AMD,Ryzen 5,4,512,512,Windows,32,6,Casual,1,0,0,93700,259,47
11,acer,AMD,Ryzen 5,4,512,512,Windows,32,4,Casual,1,0,0,72990,425,67
12,Avita,Intel,Celeron Dual,4,512,512,Windows,64,0,Casual,1,0,0,17490,1120,196
13,ASUS,Intel,Core i3,4,256,0,Windows,64,0,Casual,1,0,0,35990,0,0
14,HP,Intel,Core i3,8,256,0,Windows,64,0,Casual,1,1,0,56490,0,0
15,HP,Intel,Core i5,8,256,0,Windows,64,0,Casual,1,0,0,65390,0,0
16,Lenovo,Intel,Celeron Dual,4,256,0,Windows,64,0,ThinNlight,1,0,0,31999,286,19
17,HP,Intel,Celeron Dual,8,256,0,Windows,64,0,ThinNlight,1,0,0,32490,58,6
18,Lenovo,Intel,Celeron Dual,4,256,0,Windows,64,0,ThinNlight,1,0,0,31799,0,0
19,ASUS,Intel,Celeron Dual,4,256,0,Windows,64,0,Casual,1,0,0,29890,7,0
20,ASUS,Intel,Celeron Dual,4,512,1024,Windows,64,0,Casual,1,0,0,23990,15279,1947
21,HP,Intel,Core i3,4,512,1024,Windows,64,0,Casual,1,0,0,32955,311,27
22,HP,Intel,Core i5,4,512,1024,Windows,32,2,Casual,1,0,0,46200,47,7
23,ASUS,Intel,Core i3,4,256,0,Windows,64,0,ThinNlight,1,0,0,34429,37,6
24,Lenovo,Intel,Core i3,8,256,0,Windows,32,0,ThinNlight,2,0,1,37990,2080,235
25,ASUS,Intel,Core i3,4,256,0,Windows,32,0,Casual,1,0,1,35990,1479,181
26,ASUS,Intel,Core i3,8,256,0,Windows,64,0,ThinNlight,1,0,0,33980,67,3
27,HP,Intel,Core i3,8,256,0,Windows,64,0,ThinNlight,1,0,1,39990,273,30
28,DELL,Intel,Core i3,8,256,0,Windows,64,0,ThinNlight,1,0,1,39490,1267,171
29,HP,Intel,Core i3,8,256,0,Windows,64,0,Casual,1,1,1,53990,14,0
30,acer,Intel,Core i3,8,256,0,Windows,64,0,ThinNlight,1,0,0,38990,0,0
31,ASUS,Intel,Core i3,8,256,0,Windows,64,0,ThinNlight,1,0,0,37990,284,39
32,ASUS,Intel,Core i3,8,256,0,Windows,64,0,Casual,1,0,1,37890,44,5
33,Lenovo,Intel,Core i3,8,256,0,Windows,64,0,ThinNlight,1,0,0,38990,33,4
34,Lenovo,Intel,Core i3,8,256,0,Windows,64,0,ThinNlight,1,0,0,37990,286,36
35,DELL,Intel,Core i3,8,256,0,Windows,64,0,ThinNlight,1,0,1,41990,10,5
36,ASUS,Intel,Core i3,8,256,0,Windows,64,0,Casual,1,0,0,45990,816,147
37,Lenovo,Intel,Core i3,8,256,0,Windows,64,0,ThinNlight,1,0,0,39990,543,65
38,DELL,Intel,Core i3,8,256,0,Windows,64,0,ThinNlight,1,0,0,42490,9,1
39,DELL,Intel,Core i3,4,256,0,Windows,64,0,ThinNlight,1,0,1,36990,1178,137
40,Lenovo,Intel,Core i3,8,256,0,Windows,64,0,Casual,1,1,1,53990,299,41
41,ASUS,Intel,Core i3,8,256,0,Windows,64,0,ThinNlight,1,0,0,36990,20,1
42,Lenovo,Intel,Core i3,4,256,0,Windows,64,0,Casual,2,0,0,38940,758,64
43,DELL,Intel,Core i3,4,256,0,Windows,64,0,Casual,1,0,1,39490,634,64
44,Lenovo,Intel,Core i3,8,256,0,Windows,64,0,Casual,2,0,1,39999,4,0
45,DELL,Intel,Core i3,8,256,0,Windows,64,0,ThinNlight,1,0,0,42990,17,2
46,DELL,Intel,Core i3,8,256,0,Windows,64,0,Casual,1,1,0,49990,24,5
47,DELL,Intel,Core i3,8,256,0,Windows,64,0,ThinNlight,1,0,1,41490,1753,165
48,DELL,Intel,Core i3,8,256,0,Windows,64,0,ThinNlight,1,0,0,41990,216,21
49,Lenovo,Intel,Core i3,8,256,0,Windows,64,0,ThinNlight,1,0,1,41990,1084,160
50,ASUS,Intel,Core i3,8,256,0,Windows,64,0,Casual,1,0,0,38490,19,3
51,Lenovo,Intel,Core i3,4,256,0,Windows,64,0,ThinNlight,1,0,1,38990,106,13
52,Lenovo,Intel,Core i3,4,256,0,Windows,64,0,Casual,1,0,1,44990,42,4
53,Lenovo,Intel,Core i3,4,256,0,Windows,64,0,ThinNlight,1,0,0,36490,0,0
54,Lenovo,Intel,Core i3,8,256,0,Windows,32,0,Casual,1,0,0,38970,0,0
55,HP,Intel,Core i3,4,256,0,Windows,64,0,ThinNlight,1,0,1,44900,1029,107
56,MSI,Intel,Core i3,4,256,0,Windows,64,0,ThinNlight,1,0,0,38990,53,11
57,DELL,Intel,Core i3,4,256,0,Windows,64,0,ThinNlight,1,0,0,44427,0,0
58,ASUS,Intel,Core i3,4,256,0,Windows,64,0,Casual,1,0,0,35990,0,0
59,Lenovo,Intel,Core i3,4,256,0,Windows,64,0,Casual,1,0,1,40200,48,1
60,Lenovo,Intel,Core i3,4,256,0,Windows,32,0,Casual,1,0,0,40990,3,0
61,DELL,Intel,Core i3,4,256,0,Windows,64,0,ThinNlight,1,0,0,42490,0,0
62,acer,Intel,Celeron Dual,4,512,512,Windows,32,0,Casual,1,0,0,23990,61,4
63,DELL,Intel,Core i3,4,256,0,Windows,64,0,Casual,1,1,0,71999,97,13
64,ASUS,Intel,Core i3,4,256,0,Windows,64,0,Casual,1,0,0,39990,181,19
65,Lenovo,Intel,Core i3,4,256,0,Windows,64,0,Casual,1,0,1,41998,529,39
66,ASUS,Intel,Core i3,4,256,0,Windows,32,0,Casual,1,0,0,41990,0,0
67,Lenovo,Intel,Core i3,4,256,0,Windows,64,0,Casual,2,0,1,39999,0,0
68,ASUS,Intel,Core i3,4,256,0,Windows,32,0,Casual,1,0,0,39990,0,0
69,Lenovo,Intel,Core i3,4,256,0,Windows,64,0,Casual,1,0,0,39998,10,1
70,HP,Intel,Core i3,4,256,0,Windows,64,0,ThinNlight,1,0,1,42490,5205,561
71,Lenovo,Intel,Core i3,4,256,0,Windows,32,0,Casual,1,0,0,41990,3,0
72,ASUS,Intel,Core i3,4,256,0,Windows,32,0,Casual,1,0,0,48490,0,0
73,HP,Intel,Core i3,4,256,0,Windows,64,0,ThinNlight,1,0,1,44376,1090,96
74,DELL,Intel,Core i3,4,256,0,Windows,32,0,Casual,1,0,0,43900,0,0
75,DELL,Intel,Core i3,4,256,0,Windows,64,0,Casual,1,0,0,46690,0,0
76,Lenovo,Intel,Core i3,4,256,0,Windows,32,0,Casual,1,0,0,40990,1,1
77,DELL,Intel,Core i3,4,256,0,Windows,64,0,ThinNlight,1,0,0,39990,44,2
78,Lenovo,Intel,Core i3,4,256,0,Windows,64,0,ThinNlight,1,0,0,43990,0,0
79,ASUS,Intel,Core i3,4,256,0,Windows,64,0,ThinNlight,1,0,0,36990,70,9
80,DELL,Intel,Core i3,8,256,0,Windows,64,0,Casual,1,0,0,48500,0,0
81,ASUS,Intel,Core i3,8,256,0,Windows,64,0,Casual,1,0,0,48990,0,0
82,ASUS,Intel,Celeron Dual,4,512,512,Windows,32,0,Casual,1,0,0,23490,632,92
83,HP,Intel,Core i3,4,256,0,Windows,64,0,Casual,1,1,1,54238,71,8
84,ASUS,Intel,Core i3,8,512,0,Windows,64,0,Casual,1,0,0,37990,990,108
85,HP,Intel,Core i3,8,512,0,Windows,64,0,ThinNlight,1,0,1,42990,158,18
86,HP,Intel,Core i3,8,512,0,Windows,64,0,ThinNlight,1,0,1,42990,681,59
87,ASUS,Intel,Core i3,4,512,0,Windows,64,0,Casual,1,0,0,35990,130,12
88,ASUS,Intel,Core i3,8,512,0,Windows,64,0,Casual,1,0,0,42990,30,4
89,ASUS,Intel,Core i3,8,512,0,Windows,32,0,Casual,1,1,1,51990,6,2
90,ASUS,Intel,Core i3,8,512,0,Windows,64,0,Casual,1,0,0,48990,174,30
91,ASUS,Intel,Core i3,8,512,0,Windows,64,0,Casual,1,0,0,42990,40,7
92,Lenovo,Intel,Core i3,8,512,0,Windows,64,0,ThinNlight,1,0,0,38990,13,1
93,DELL,Intel,Core i3,8,512,0,Windows,64,0,ThinNlight,1,0,0,45990,184,29
94,HP,Intel,Core i3,8,512,0,Windows,64,0,ThinNlight,1,0,1,42490,1296,126
95,HP,Intel,Core i3,8,512,0,Windows,64,0,ThinNlight,1,0,1,43970,571,56
96,ASUS,Intel,Core i3,4,512,0,Windows,64,0,ThinNlight,1,0,1,39990,2551,297
97,MSI,Intel,Core i3,8,512,0,Windows,64,0,ThinNlight,1,0,0,48990,17,3
98,HP,Intel,Core i3,8,512,0,Windows,64,0,Casual,1,0,1,54990,35,3
99,MSI,Intel,Core i3,8,512,0,Windows,64,0,ThinNlight,1,0,0,40990,118,17
100,ASUS,Intel,Core i3,8,512,0,Windows,64,0,ThinNlight,1,0,1,41990,0,0
101,Lenovo,Intel,Core i3,8,512,0,Windows,64,0,ThinNlight,1,1,0,54990,245,34
102,ASUS,Intel,Core i3,8,512,0,Windows,64,0,Casual,1,0,1,44990,2058,305
103,HP,Intel,Core i3,8,512,0,Windows,64,0,Casual,1,0,0,41250,117,11
104,HP,Intel,Core i3,8,512,0,Windows,64,0,ThinNlight,1,0,0,44990,0,0
105,ASUS,Intel,Core i3,8,512,0,Windows,64,0,Casual,1,0,0,42990,74,11
106,DELL,Intel,Core i3,8,512,0,Windows,64,0,Casual,1,1,0,60790,10,1
107,HP,Intel,Core i3,8,512,0,Windows,64,0,Casual,1,0,0,45650,39,4
108,DELL,Intel,Core i3,8,512,0,Windows,64,0,ThinNlight,1,0,1,41990,29,7
109,DELL,Intel,Core i3,8,512,0,Windows,64,0,ThinNlight,1,0,0,45490,43,4
110,ASUS,Intel,Core i3,8,512,0,Windows,64,0,ThinNlight,1,0,1,44990,0,0
111,Lenovo,Intel,Core i3,8,512,0,Windows,64,0,ThinNlight,2,0,1,42990,984,99
112,HP,Intel,Core i3,4,512,0,Windows,64,0,ThinNlight,1,0,1,45490,523,66
113,HP,Intel,Core i3,4,512,0,Windows,32,0,Casual,1,0,0,38799,30,1
114,HP,Intel,Core i3,4,512,0,Windows,64,0,Casual,1,1,1,69267,0,0
115,ASUS,Intel,Core i3,4,512,0,Windows,64,0,Casual,1,0,1,51649,0,0
116,HP,Intel,Core i3,4,512,0,Windows,64,0,ThinNlight,1,0,1,47990,1605,215
117,ASUS,Intel,Core i3,4,512,0,Windows,64,0,Casual,1,0,0,40990,4008,519
118,ASUS,Intel,Core i3,4,512,0,Windows,64,0,ThinNlight,1,0,1,42990,1869,234
119,ASUS,Intel,Core i3,4,512,0,Windows,64,0,Casual,1,0,0,44890,7,0
120,ASUS,Intel,Core i3,4,512,0,Windows,64,0,Casual,1,0,0,41490,4008,519
121,HP,Intel,Core i3,4,512,0,Windows,32,0,ThinNlight,1,0,0,50990,0,0
122,HP,Intel,Core i3,4,512,0,Windows,64,0,ThinNlight,1,0,1,48900,1278,135
123,DELL,Intel,Core i3,4,512,0,Windows,64,0,Casual,1,0,0,41790,0,0
124,Lenovo,Intel,Core i3,4,512,0,Windows,64,0,Casual,1,1,1,57999,10,2
125,DELL,Intel,Core i3,8,512,0,Windows,64,0,ThinNlight,1,0,0,45930,0,0
126,HP,Intel,Core i3,8,512,0,Windows,64,0,Casual,1,1,1,55490,143,15
127,ASUS,Intel,Core i3,8,512,1024,Windows,64,0,Casual,1,0,0,32890,28,4
128,Lenovo,Intel,Core i3,8,512,1024,Windows,64,0,ThinNlight,1,0,1,35990,2124,233
129,DELL,Intel,Core i3,8,512,1024,Windows,64,0,ThinNlight,1,0,0,42490,276,40
130,DELL,Intel,Core i3,8,512,1024,Windows,64,0,ThinNlight,1,0,0,42190,250,21
131,DELL,Intel,Core i3,8,512,1024,Windows,64,0,ThinNlight,1,0,1,39490,1917,189
132,HP,Intel,Core i3,8,512,1024,Windows,64,0,ThinNlight,1,0,1,43690,4999,490
133,ASUS,Intel,Core i3,4,512,1024,Windows,64,0,Casual,1,0,0,35990,17,0
134,DELL,Intel,Core i3,8,512,1024,Windows,32,0,Casual,1,0,0,43800,17,0
135,Lenovo,Intel,Core i3,8,512,1024,Windows,32,0,Casual,1,0,0,38990,0,0
136,ASUS,Intel,Core i3,4,512,1024,Windows,64,0,ThinNlight,1,0,0,34990,4203,490
137,ASUS,Intel,Core i3,8,512,1024,Windows,64,0,Casual,1,0,0,38900,13,0
138,DELL,Intel,Core i3,4,512,1024,Windows,64,0,ThinNlight,1,0,0,39990,15,1
139,DELL,Intel,Core i3,4,512,1024,Windows,32,0,Casual,1,0,0,40890,527,46
140,Lenovo,Intel,Core i3,4,512,1024,Windows,64,0,ThinNlight,1,0,0,36990,103,10
141,HP,Intel,Core i3,4,512,1024,Windows,64,0,ThinNlight,1,0,1,39990,324,45
142,HP,Intel,Core i3,4,512,1024,Windows,64,0,ThinNlight,1,0,1,41990,69,5
143,DELL,Intel,Core i3,4,512,1024,Windows,32,0,Casual,1,0,0,43970,16,0
144,HP,Intel,Core i3,4,512,1024,Windows,64,0,ThinNlight,1,0,0,39790,40,3
145,ASUS,Intel,Core i3,4,512,1024,Windows,32,0,ThinNlight,1,0,0,35590,12,1
146,HP,Intel,Core i3,4,512,1024,Windows,64,0,ThinNlight,1,0,1,36490,1146,175
147,ASUS,Intel,Core i3,4,512,1024,Windows,64,0,ThinNlight,1,0,1,38990,1850,216
148,ASUS,Intel,Core i3,4,512,1024,Windows,32,0,ThinNlight,1,0,0,33990,43,7
149,DELL,Intel,Core i3,4,512,1024,Windows,64,0,Casual,1,0,1,43400,231,26
150,ASUS,Intel,Celeron Dual,4,512,512,Windows,32,0,Casual,1,0,0,24990,502,93
151,HP,Intel,Core i3,4,512,1024,Windows,64,0,ThinNlight,1,0,1,40750,1096,116
152,DELL,Intel,Core i3,4,512,1024,Windows,64,0,ThinNlight,1,0,1,43000,313,35
153,ASUS,Intel,Core i3,4,512,1024,Windows,64,0,Casual,1,0,0,38000,7,0
154,DELL,Intel,Core i3,8,512,1024,Windows,64,0,ThinNlight,1,0,1,37990,265,46
155,HP,Intel,Core i3,8,512,1024,Windows,64,2,Casual,1,0,0,49279,38,3
156,Lenovo,Intel,Core i3,8,512,1024,Windows,32,0,Casual,1,0,0,38999,7,2
157,ASUS,Intel,Core i3,8,512,1024,Windows,32,0,Casual,1,0,0,41500,4,0
158,acer,Intel,Core i3,4,512,1024,Windows,32,0,Casual,1,0,0,36999,0,0
159,DELL,Intel,Core i3,8,512,1024,Windows,32,0,Casual,1,0,0,42900,0,0
160,ASUS,Intel,Celeron Dual,4,512,512,Windows,32,0,Casual,1,0,0,21490,818,113
161,DELL,Intel,Core i3,8,512,1024,Windows,32,0,Casual,1,0,0,41480,25,4
162,ASUS,Intel,Core i3,8,512,1024,Windows,64,0,Casual,1,0,0,32990,12,0
163,ASUS,Intel,Core i3,8,512,1024,Windows,64,0,Casual,1,0,0,38680,17,1
164,ASUS,Intel,Celeron Dual,4,512,512,Windows,32,0,Casual,1,0,0,23990,974,170
165,DELL,Intel,Core i3,8,512,1024,Windows,64,0,ThinNlight,1,0,0,40390,83,15
166,ASUS,Intel,Core i3,4,512,1024,Windows,64,0,ThinNlight,1,0,0,33990,31,6
167,ASUS,Intel,Celeron Dual,4,512,512,Windows,32,0,Casual,1,0,0,20490,637,91
168,DELL,Intel,Core i3,8,256,1024,Windows,64,0,ThinNlight,1,0,1,41490,7,5
169,DELL,Intel,Core i3,8,256,1024,Windows,64,0,Casual,1,0,0,45490,207,16
170,DELL,Intel,Core i3,8,256,1024,Windows,64,0,Casual,1,0,0,44490,844,103
171,ASUS,Intel,Core i3,8,256,1024,Windows,64,0,Casual,1,0,1,41890,53,6
172,DELL,Intel,Core i3,4,256,1024,Windows,64,0,ThinNlight,1,0,1,42990,62,7
173,acer,Intel,Core i3,8,256,1024,Windows,64,0,Casual,1,0,0,40990,38,2
174,DELL,Intel,Core i3,8,256,1024,Windows,64,0,ThinNlight,1,0,0,48990,724,92
175,DELL,Intel,Core i3,4,256,1024,Windows,64,0,ThinNlight,1,0,1,43590,0,0
176,DELL,Intel,Core i3,4,256,1024,Windows,64,0,Casual,1,0,0,44690,9,0
177,ASUS,Intel,Core i3,4,256,1024,Windows,64,0,Casual,1,0,0,40990,0,0
178,DELL,Intel,Core i3,4,256,1024,Windows,64,0,ThinNlight,1,0,1,43990,0,0
179,DELL,Intel,Core i3,4,256,1024,Windows,64,0,ThinNlight,1,0,1,41390,56,7
180,DELL,Intel,Core i3,4,256,1024,Windows,64,0,ThinNlight,1,0,1,44290,0,0
181,DELL,Intel,Core i3,4,256,1024,Windows,64,0,Casual,1,0,0,48999,0,0
182,DELL,Intel,Core i3,4,256,1024,Windows,64,0,ThinNlight,1,0,1,39990,170,11
183,DELL,Intel,Core i3,8,256,1024,Windows,64,0,ThinNlight,1,0,0,46390,95,5
184,ASUS,Intel,Celeron Dual,4,512,512,Windows,64,0,Casual,1,0,0,18990,197,25
185,ASUS,Intel,Celeron Dual,4,512,512,Windows,32,0,Casual,1,0,0,17990,1180,148
186,HP,Intel,Celeron Dual,4,512,512,Windows,64,0,Casual,1,0,0,26470,232,23
187,HP,Intel,Celeron Dual,4,512,512,Windows,64,0,Casual,1,0,0,27990,596,65
188,Lenovo,Intel,Celeron Dual,4,512,1024,Windows,32,0,Casual,1,0,0,29999,19,1
189,Lenovo,Intel,Celeron Dual,4,512,512,Windows,64,0,Casual,1,0,0,25990,84,16
190,Lenovo,Intel,Celeron Dual,4,512,512,Windows,32,0,Casual,1,0,0,16990,414,54
191,Lenovo,Intel,Celeron Dual,4,512,512,Windows,32,0,Casual,1,0,0,24990,70,16
192,acer,Intel,Core i5,8,512,512,Windows,32,4,Casual,1,0,0,50990,10966,1185
193,acer,Intel,Core i5,8,512,512,Windows,32,0,Casual,1,0,0,119990,1,1
194,acer,Intel,Core i5,8,512,512,DOS,32,0,Casual,1,0,0,94190,31,6
195,ASUS,Intel,Core i5,8,512,512,DOS,32,4,Casual,1,0,0,106167,1881,241
196,DELL,Intel,Core i5,8,512,512,DOS,32,4,Casual,1,0,0,68090,23,4
197,DELL,Intel,Core i5,8,512,512,DOS,32,0,ThinNlight,1,0,0,139990,0,0
198,HP,Intel,Core i5,8,512,512,DOS,32,0,ThinNlight,1,0,0,55990,818,109
199,HP,Intel,Core i5,8,512,512,DOS,32,4,Casual,1,0,0,102551,0,0
200,Lenovo,Intel,Core i5,8,512,512,DOS,32,2,Casual,1,0,0,46990,4428,569
201,HP,Intel,Core i5,8,128,0,Windows,64,0,ThinNlight,1,0,0,76012,129,16
202,Lenovo,Intel,Core i5,8,256,0,Windows,64,0,Casual,2,0,1,49490,365,35
203,acer,Intel,Core i5,8,256,0,Windows,64,0,ThinNlight,1,0,1,86867,39,3
204,ASUS,Intel,Core i5,8,256,0,Windows,64,0,ThinNlight,1,0,0,48990,0,0
205,DELL,Intel,Core i5,8,256,0,Windows,64,0,ThinNlight,1,0,0,55990,3,0
206,acer,Intel,Core i5,8,256,0,Windows,64,0,ThinNlight,1,1,1,81998,14,3
207,HP,Intel,Core i5,8,256,0,Windows,64,0,Casual,1,1,1,136590,0,0
208,acer,Intel,Core i5,8,256,0,Windows,64,0,ThinNlight,1,0,0,59490,33,7
209,ASUS,Intel,Core i5,8,256,0,Windows,64,0,ThinNlight,1,0,0,49800,0,0
210,Lenovo,Intel,Core i5,8,256,0,Windows,64,0,Casual,1,0,1,61999,4,0
211,HP,Intel,Core i5,8,512,0,Windows,64,0,ThinNlight,1,0,0,54990,116,15
212,HP,Intel,Core i5,8,512,0,Windows,64,0,ThinNlight,1,0,0,53990,206,17
213,Lenovo,Intel,Core i5,8,512,0,Windows,64,0,Casual,2,0,1,52990,300,24
214,HP,Intel,Core i5,16,512,0,Windows,64,0,ThinNlight,1,0,1,67990,108,6
215,ASUS,Intel,Core i5,8,512,0,Windows,64,4,Gaming,1,0,0,57990,3712,412
216,Lenovo,Intel,Core i5,16,512,0,Windows,64,0,ThinNlight,1,0,1,62300,825,95
217,Lenovo,Intel,Core i5,8,512,0,Windows,64,0,ThinNlight,1,0,0,52990,0,0
218,Lenovo,Intel,Core i5,8,512,0,Windows,64,0,ThinNlight,2,0,1,51990,85,4
219,Lenovo,Intel,Core i5,16,512,0,Windows,64,0,ThinNlight,1,0,0,61990,56,7
220,ASUS,Intel,Core i5,8,512,0,Windows,32,0,Casual,1,1,1,63990,10,1
221,Lenovo,Intel,Core i5,8,512,0,Windows,64,0,Casual,1,0,1,65990,17,4
222,acer,Intel,Core i5,8,512,0,Windows,64,0,ThinNlight,1,0,0,52990,155,20
223,Lenovo,Intel,Core i5,8,512,0,Windows,64,0,ThinNlight,1,0,0,49990,0,0
224,ASUS,Intel,Core i5,8,512,0,Windows,64,4,Gaming,1,0,0,71990,91,17
225,ASUS,Intel,Core i5,8,512,0,Windows,64,0,Casual,1,0,0,47990,35,2
226,Lenovo,Intel,Core i5,8,512,0,Windows,32,0,ThinNlight,2,0,1,48490,126,13
227,ASUS,Intel,Core i5,8,512,0,Windows,64,4,Gaming,1,0,0,72990,74,10
228,MSI,Intel,Core i5,16,512,0,Windows,64,4,Casual,2,0,0,76990,75,17
229,ASUS,Intel,Core i5,16,512,0,Windows,64,6,Gaming,1,0,1,89990,124,17
230,MSI,Intel,Core i5,8,512,0,Windows,64,4,Casual,2,0,0,59990,1597,228
231,ASUS,Intel,Core i5,8,512,0,Windows,64,4,Gaming,1,0,1,65990,3850,378
232,DELL,Intel,Core i5,8,512,0,Windows,64,0,Casual,1,1,0,71990,7,1
233,DELL,Intel,Core i5,8,512,0,Windows,64,0,Casual,1,1,0,71890,3,0
234,Lenovo,Intel,Core i5,16,512,0,Windows,64,0,ThinNlight,1,0,0,64990,0,0
235,ASUS,Intel,Core i5,16,512,0,Windows,64,0,Casual,1,0,0,65990,0,0
236,HP,Intel,Core i5,8,512,0,Windows,64,0,ThinNlight,1,0,0,55999,5,1
237,ASUS,Intel,Core i5,16,512,0,Windows,64,4,Casual,1,0,0,73490,213,45
238,HP,Intel,Core i5,16,512,0,Windows,64,0,ThinNlight,1,0,1,74490,10,0
239,HP,Intel,Core i5,8,512,0,Windows,64,0,ThinNlight,1,0,1,58340,69,6
240,acer,Intel,Core i5,8,512,0,Windows,64,0,ThinNlight,1,0,0,55999,6,0
241,DELL,Intel,Core i5,16,512,0,Windows,64,0,ThinNlight,1,0,0,67990,93,9
242,ASUS,Intel,Core i5,16,512,0,Windows,64,0,Casual,1,0,0,59990,11,2
243,ASUS,Intel,Core i5,16,512,0,Windows,64,6,Casual,1,0,1,82990,262,31
244,DELL,Intel,Core i5,8,512,0,Windows,64,2,Casual,1,0,1,64190,0,0
245,DELL,Intel,Core i5,16,512,0,Windows,64,0,ThinNlight,1,0,0,70090,5,1
246,ASUS,Intel,Core i5,8,512,0,Windows,64,2,ThinNlight,1,0,0,49990,45,3
247,MSI,Intel,Core i5,8,512,0,Windows,64,0,ThinNlight,1,0,0,55490,8,1
248,HP,Intel,Core i5,8,512,0,Windows,64,0,Casual,1,1,0,97990,3,1
249,ASUS,Intel,Core i5,8,512,0,Windows,64,4,Gaming,1,0,1,54990,1681,227
250,Lenovo,Intel,Core i5,8,512,0,Windows,64,0,ThinNlight,1,0,1,59990,37,2
251,Lenovo,Intel,Core i5,8,512,0,Windows,64,0,ThinNlight,1,0,1,53990,61,2
252,HP,Intel,Core i5,16,512,0,Windows,64,0,ThinNlight,1,0,1,66999,17,1
253,acer,Intel,Core i5,8,512,0,Windows,64,0,ThinNlight,1,0,1,60990,17,1
254,ASUS,Intel,Core i5,8,512,0,Windows,64,0,ThinNlight,1,0,1,47990,1625,152
255,HP,Intel,Core i5,8,512,0,Windows,32,0,ThinNlight,1,0,1,59999,4,1
256,DELL,Intel,Core i5,16,512,0,Windows,64,4,Casual,1,0,0,79990,0,0
257,ASUS,Intel,Core i5,8,512,0,Windows,64,4,Gaming,1,0,0,63990,0,0
258,HP,Intel,Core i5,8,512,0,Windows,64,0,ThinNlight,1,0,1,63990,17,1
259,ASUS,Intel,Core i5,16,512,0,Windows,64,0,Casual,1,0,0,59990,0,0
260,Lenovo,Intel,Core i5,8,512,0,Windows,64,0,ThinNlight,1,0,0,55990,0,0
261,HP,Intel,Core i5,8,512,0,Windows,64,0,ThinNlight,1,0,1,63990,3,0
262,DELL,Intel,Core i5,16,512,0,Windows,64,2,Casual,1,0,1,69490,0,0
263,DELL,Intel,Core i5,16,512,0,Windows,64,0,Casual,1,1,1,89390,0,0
264,ASUS,Intel,Core i5,8,512,0,Windows,64,0,ThinNlight,1,0,0,74990,0,0
265,Lenovo,Intel,Core i5,8,512,0,Windows,64,0,Casual,3,1,1,64990,48,12
266,Lenovo,Intel,Core i5,8,512,0,Windows,64,4,Casual,1,0,1,66490,282,36
267,DELL,Intel,Core i5,16,512,0,Windows,64,2,Casual,1,0,1,89702,0,0
268,Lenovo,Intel,Core i5,16,512,0,Windows,64,2,Casual,1,0,1,70990,67,4
269,ASUS,Intel,Core i5,16,512,0,Windows,64,0,Casual,1,1,1,58990,0,0
270,Lenovo,Intel,Core i5,8,512,0,Windows,64,2,Casual,1,0,1,57500,0,0
271,DELL,Intel,Core i5,8,512,0,Windows,64,2,Casual,1,1,1,79990,23,2
272,MSI,Intel,Core i5,8,512,0,Windows,64,0,Casual,1,0,0,56541,677,87
273,ASUS,Intel,Core i5,16,512,0,Windows,64,0,ThinNlight,1,0,0,59990,3,0
274,Lenovo,Intel,Core i5,16,512,0,Windows,64,0,Casual,1,0,1,64990,46,4
275,DELL,Intel,Core i5,8,512,0,Windows,64,0,ThinNlight,1,0,0,61290,4,1
276,Lenovo,Intel,Core i5,8,512,0,Windows,64,0,ThinNlight,1,0,1,54990,9,1
277,Lenovo,Intel,Core i5,8,512,0,Windows,64,0,Casual,1,0,1,59990,26,4
278,ASUS,Intel,Core i5,8,512,0,Windows,32,6,Casual,1,0,0,84990,5,0
279,HP,Intel,Core i5,8,512,0,Windows,64,0,ThinNlight,1,0,1,72500,40,3
280,Lenovo,Intel,Core i5,8,512,0,Windows,64,4,Gaming,1,0,0,59990,44,6
281,Lenovo,Intel,Core i5,8,512,0,Windows,64,0,Casual,1,1,1,87990,28,6
282,HP,Intel,Core i5,8,512,0,Windows,64,0,ThinNlight,1,0,0,57990,1541,123
283,DELL,Intel,Core i5,8,512,0,Windows,64,0,ThinNlight,1,0,1,69490,72,7
284,Lenovo,Intel,Core i5,8,512,0,Windows,64,0,Casual,3,1,1,68990,44,8
285,Lenovo,Intel,Core i5,8,512,0,Windows,32,0,Casual,1,0,1,77990,17,2
286,ASUS,Intel,Core i5,8,512,0,Windows,64,0,Casual,1,1,0,105990,59,11
287,MSI,Intel,Core i5,8,512,0,Windows,64,0,Casual,1,0,0,79990,0,0
288,DELL,Intel,Core i5,8,512,0,Windows,64,0,ThinNlight,1,0,1,55490,337,27
289,Lenovo,Intel,Core i5,8,512,0,Windows,64,0,ThinNlight,1,0,1,69990,10,2
290,ASUS,Intel,Core i5,8,512,0,Windows,64,0,Casual,1,1,1,84990,10,2
291,DELL,Intel,Core i5,8,512,0,Windows,64,0,ThinNlight,1,0,0,59990,31,7
292,DELL,Intel,Core i5,8,512,0,Windows,64,0,ThinNlight,1,0,1,111890,0,0
293,DELL,Intel,Core i5,8,512,0,Windows,64,2,Casual,1,0,0,65990,10,0
294,ASUS,Intel,Core i5,8,512,0,Windows,32,0,Casual,1,0,1,72990,76,14
295,DELL,Intel,Core i5,8,512,0,Windows,64,0,ThinNlight,1,0,1,71090,44,6
296,MSI,Intel,Core i5,8,512,0,Windows,64,4,Casual,2,0,0,74990,0,0
297,ASUS,Intel,Core i5,8,512,0,Windows,64,0,Casual,1,0,1,79990,11,3
298,MSI,Intel,Core i5,8,512,0,Windows,64,0,Casual,1,0,0,55490,138,16
299,DELL,Intel,Core i5,8,512,0,Windows,64,2,ThinNlight,1,0,1,66490,199,17
300,ASUS,Intel,Core i5,8,512,0,Windows,64,0,Casual,1,0,1,53400,46,6
301,DELL,Intel,Core i5,8,512,0,Windows,64,0,Casual,1,1,1,74500,45,5
302,DELL,Intel,Core i5,8,512,0,Windows,64,0,ThinNlight,1,0,1,114990,0,0
303,DELL,Intel,Core i5,8,512,0,Windows,64,2,ThinNlight,1,0,0,61990,35,4
304,APPLE,Intel,Core i5,8,512,0,Mac,64,0,Casual,1,0,0,159990,32,5
305,APPLE,Intel,Core i5,8,512,0,Mac,64,0,Casual,1,0,0,172090,108,13
306,MSI,Intel,Core i5,8,512,0,Windows,64,4,Casual,1,0,0,74990,0,0
307,MSI,Intel,Core i5,8,512,0,Windows,64,0,Casual,1,0,0,56490,814,112
308,Lenovo,Intel,Core i5,8,512,0,Windows,64,0,ThinNlight,3,0,0,147000,0,0
309,Lenovo,Intel,Core i5,8,512,0,Windows,64,0,ThinNlight,1,0,1,55990,75,9
310,HP,Intel,Core i5,8,512,0,Windows,64,4,Gaming,1,0,1,77990,0,0
311,HP,Intel,Core i5,8,512,0,Windows,64,4,Casual,1,0,1,106490,3,0
312,Lenovo,Intel,Core i5,8,512,0,Windows,32,2,Casual,1,0,1,70990,11,3
313,Lenovo,Intel,Core i5,8,512,0,Windows,64,0,Casual,1,0,1,64990,125,11
314,acer,Intel,Core i5,8,512,0,Windows,64,0,Casual,1,0,0,57990,0,0
315,ASUS,Intel,Core i5,8,512,0,Windows,64,4,Gaming,1,0,0,64990,4,0
316,MSI,Intel,Core i5,8,512,0,Windows,64,0,Casual,1,0,0,54990,714,147
317,HP,Intel,Core i5,8,512,0,Windows,64,0,Casual,1,1,0,111999,0,0
318,Lenovo,Intel,Core i5,8,512,0,Windows,64,2,Casual,1,0,1,70798,21,3
319,Lenovo,Intel,Core i5,8,512,0,Windows,64,4,Casual,1,0,0,59990,9,1
320,acer,Intel,Core i5,8,512,0,Windows,64,4,Casual,1,0,0,99500,0,0
321,HP,Intel,Core i5,8,512,0,Windows,64,0,ThinNlight,1,0,1,55990,30,4
322,ASUS,Intel,Core i5,8,512,0,Windows,64,0,ThinNlight,1,0,0,72990,44,4
323,acer,Intel,Core i5,8,512,0,Windows,64,0,ThinNlight,1,0,0,64990,4,1
324,ASUS,Intel,Core i5,8,512,0,Windows,64,0,ThinNlight,1,0,0,57990,0,0
325,HP,Intel,Core i5,8,512,0,Windows,64,2,Casual,1,1,1,76990,14,2
326,Lenovo,Intel,Core i5,8,512,0,Windows,64,0,Casual,2,0,1,62998,739,71
327,DELL,Intel,Core i5,8,512,0,Windows,64,0,Casual,1,1,1,77990,31,5
328,HP,Intel,Core i5,8,512,0,Windows,64,0,Casual,1,1,1,114990,145,19
329,DELL,Intel,Core i5,8,512,0,Windows,64,2,Casual,1,0,1,65990,0,0
330,DELL,Intel,Core i5,8,512,0,Windows,64,2,Casual,1,0,1,88990,19,2
331,Lenovo,Intel,Core i5,8,512,0,Windows,64,0,Casual,1,0,0,113590,0,0
332,ASUS,Intel,Core i5,8,512,0,Windows,64,0,Casual,1,1,1,73990,32,6
333,HP,Intel,Core i5,8,512,0,Windows,64,0,ThinNlight,1,0,1,61000,1124,100
334,ASUS,Intel,Core i5,8,512,0,Windows,64,0,Casual,1,1,0,99990,35,6
335,Lenovo,Intel,Core i5,8,512,0,Windows,64,0,ThinNlight,1,0,1,67990,9,0
336,DELL,Intel,Core i5,8,512,0,Windows,64,0,Casual,1,1,1,70799,98,6
337,Lenovo,Intel,Core i5,8,512,0,Windows,64,0,ThinNlight,1,0,1,65990,31,2
338,ASUS,Intel,Core i5,8,512,0,Windows,64,0,ThinNlight,1,0,0,53690,19,3
339,ASUS,Intel,Core i5,8,512,0,Windows,64,0,Casual,1,0,1,53190,11,0
340,Lenovo,Intel,Core i5,8,512,0,Windows,32,2,Casual,2,0,1,58999,45,3
341,DELL,Intel,Core i5,8,512,0,Windows,64,2,ThinNlight,3,0,0,71990,0,0
342,HP,Intel,Core i5,8,512,0,Windows,32,4,Casual,1,0,0,82000,0,0
343,ASUS,Intel,Core i5,8,512,0,Windows,64,0,ThinNlight,1,0,0,84990,0,0
344,Lenovo,Intel,Core i5,8,512,0,Windows,64,2,Casual,1,0,0,89998,0,0
345,ASUS,Intel,Core i5,8,512,0,Windows,64,0,Casual,1,1,0,99990,0,0
346,Lenovo,Intel,Core i5,8,512,0,Windows,64,4,Gaming,1,0,0,69899,474,37
347,DELL,Intel,Core i5,8,512,0,Windows,64,4,Casual,1,0,0,79990,0,0
348,DELL,Intel,Core i5,8,512,0,Windows,64,4,Casual,1,0,0,76300,6,0
349,Lenovo,Intel,Core i5,8,512,0,Windows,64,0,Casual,1,0,1,55999,0,0
350,DELL,Intel,Core i5,8,512,0,Windows,64,0,ThinNlight,1,0,0,72900,24,4
351,DELL,Intel,Core i5,8,512,0,Windows,64,0,Casual,1,1,1,73990,195,17
352,ASUS,Intel,Core i5,8,512,0,Windows,64,0,ThinNlight,1,0,0,84990,0,0
353,DELL,Intel,Core i5,8,512,0,Windows,32,2,Casual,1,0,0,73519,0,0
354,HP,Intel,Core i5,8,512,0,Windows,64,0,Casual,1,1,0,126000,2,1
355,ASUS,Intel,Core i5,8,512,0,Windows,64,6,Casual,1,0,0,88990,0,0
356,HP,Intel,Core i5,8,512,0,Windows,64,0,ThinNlight,1,1,1,114999,0,0
357,DELL,Intel,Core i5,8,512,0,Windows,64,2,Casual,1,1,1,82990,21,2
358,acer,Intel,Core i5,8,512,0,Windows,64,0,ThinNlight,1,1,0,109999,0,0
359,Lenovo,Intel,Core i5,8,512,0,Windows,64,0,ThinNlight,1,1,1,82990,0,0
360,DELL,Intel,Core i5,8,512,0,Windows,64,2,Casual,1,1,1,79990,5,0
361,ASUS,Intel,Core i5,8,512,0,Windows,64,0,Casual,1,1,0,114990,0,0
362,HP,Intel,Core i5,8,512,0,Windows,64,0,Casual,1,1,0,129999,0,0
363,MSI,Intel,Core i5,8,512,0,Windows,32,6,Casual,1,0,0,149990,10,3
364,DELL,Intel,Core i5,8,512,0,Windows,64,2,Casual,1,0,0,71290,0,0
365,DELL,Intel,Core i5,8,512,0,Windows,64,0,ThinNlight,1,0,1,79500,10,1
366,DELL,Intel,Core i5,8,512,0,Windows,64,2,Casual,1,0,1,82990,15,3
367,DELL,Intel,Core i5,8,512,0,Windows,64,2,Casual,1,0,1,70980,138,23
368,HP,Intel,Core i5,8,512,0,Windows,32,0,Casual,1,0,0,94000,0,0
369,DELL,Intel,Core i5,8,512,0,Windows,64,2,Casual,1,1,0,82990,16,3
370,MSI,Intel,Core i5,8,512,0,Windows,64,0,Casual,1,0,0,79990,11,4
371,ASUS,Intel,Core i5,8,512,0,Windows,64,0,ThinNlight,1,0,0,85990,0,0
372,ASUS,Intel,Core i5,8,512,0,Windows,64,2,Casual,1,0,0,86990,0,0
373,ASUS,Intel,Core i5,8,512,0,Windows,64,2,Casual,1,0,1,105990,4,0
374,ASUS,Intel,Core i5,8,512,0,Windows,64,0,Casual,1,0,0,84990,0,0
375,Lenovo,Intel,Core i5,8,512,0,Windows,64,2,Casual,1,0,1,59999,22,3
376,Lenovo,Intel,Core i5,8,512,0,Windows,64,0,Casual,1,0,1,91999,16,2
377,DELL,Intel,Core i5,8,512,0,Windows,64,0,Casual,1,1,1,78900,16,1
378,ASUS,Intel,Core i5,8,512,0,Windows,64,0,Casual,1,0,0,132790,0,0
379,Lenovo,Intel,Core i5,8,512,0,Windows,64,4,Gaming,1,0,0,60990,14,6
380,Avita,Intel,Core i5,8,512,0,Windows,64,0,ThinNlight,1,0,0,65556,0,0
381,DELL,Intel,Core i5,16,512,0,Windows,64,0,ThinNlight,1,0,0,70190,6,3
382,DELL,Intel,Core i5,8,512,0,Windows,64,2,Casual,1,1,0,79590,0,0
383,ASUS,Intel,Core i5,8,512,0,Windows,64,4,Casual,1,0,0,76990,0,0
384,Avita,Intel,Core i5,8,512,0,Windows,64,0,ThinNlight,1,0,0,44990,17,3
385,ASUS,Intel,Core i5,8,512,0,Windows,64,0,Casual,1,1,1,84990,17,2
386,Lenovo,Intel,Core i5,8,512,0,Windows,64,2,Casual,1,1,1,86999,3,0
387,HP,Intel,Core i5,16,512,0,Windows,64,2,Casual,1,0,0,78000,512,85
388,Avita,Intel,Core i5,8,512,0,Windows,64,0,ThinNlight,1,0,0,73063,17,3
389,HP,Intel,Core i5,16,512,0,Windows,64,4,Casual,1,0,1,100990,0,0
390,Lenovo,Intel,Core i5,8,512,0,Windows,64,0,ThinNlight,1,0,1,74990,3,1
391,ASUS,Intel,Core i5,8,512,0,Windows,64,4,Casual,1,0,0,75990,1365,137
392,Lenovo,Intel,Core i5,8,512,0,Windows,32,2,Casual,1,0,1,84086,8,3
393,ASUS,Intel,Core i5,8,1024,0,Windows,64,4,Gaming,1,0,0,75990,368,48
394,ASUS,Intel,Core i5,8,1024,0,Windows,64,4,Gaming,1,0,1,77990,202,26
395,ASUS,Intel,Core i5,8,1024,0,Windows,64,4,Casual,1,0,0,77990,187,26
396,APPLE,Intel,Core i5,16,1024,0,Mac,64,0,Casual,1,0,0,179990,31,3
397,APPLE,Intel,Core i5,16,1024,0,Mac,64,0,Casual,1,0,0,179990,91,5
398,ASUS,Intel,Core i5,8,1024,0,Windows,64,4,Casual,1,0,0,82990,844,118
399,ASUS,Intel,Core i5,8,1024,0,Windows,64,4,Casual,1,0,0,87990,0,0
400,ASUS,Intel,Core i5,8,1024,0,Windows,64,4,Casual,1,0,0,84500,3,0
401,DELL,Intel,Core i5,8,1024,0,Windows,64,0,ThinNlight,1,0,0,74190,21,3
402,Lenovo,Intel,Core i5,8,1024,0,Windows,64,0,ThinNlight,1,0,1,64990,4,0
403,Lenovo,Intel,Core i5,8,512,512,Windows,64,0,ThinNlight,3,1,0,155411,0,0
404,Lenovo,Intel,Core i5,8,512,512,Windows,64,0,ThinNlight,3,1,0,125394,0,0
405,acer,Intel,Core i5,8,512,1024,Windows,64,0,Casual,1,0,0,49990,0,0
406,acer,Intel,Core i5,8,512,1024,Windows,64,0,ThinNlight,1,0,0,46990,253,28
407,DELL,Intel,Core i5,8,512,1024,Windows,64,0,ThinNlight,1,0,1,48990,470,46
408,acer,Intel,Core i5,8,512,1024,Windows,64,2,Casual,1,0,1,59999,118,28
409,ASUS,Intel,Core i5,8,512,1024,Windows,64,0,ThinNlight,1,0,0,46990,1444,179
410,MSI,Intel,Core i5,8,512,1024,Windows,64,4,Casual,2,0,0,52990,1114,137
411,Lenovo,Intel,Core i5,8,512,1024,Windows,32,2,Casual,1,0,0,57999,0,0
412,Lenovo,Intel,Core i5,8,512,1024,Windows,64,0,Casual,1,0,0,52490,78,17
413,Lenovo,Intel,Core i5,8,512,1024,Windows,64,4,Casual,1,0,0,56990,21,5
414,acer,Intel,Core i5,8,512,1024,Windows,64,2,ThinNlight,1,0,0,61990,73,21
415,DELL,Intel,Core i5,8,512,1024,Windows,32,0,Casual,1,0,0,58090,0,0
416,ASUS,Intel,Core i5,8,512,1024,Windows,64,0,Casual,1,0,0,56990,0,0
417,acer,Intel,Core i5,8,512,1024,Windows,64,0,ThinNlight,1,0,0,61597,0,0
418,ASUS,Intel,Core i5,8,512,1024,Windows,64,0,ThinNlight,1,0,0,81990,0,0
419,ASUS,Intel,Core i5,8,512,1024,Windows,64,0,Casual,1,0,0,61249,0,0
420,DELL,Intel,Core i5,8,512,1024,Windows,32,0,Casual,1,0,0,58990,0,0
421,ASUS,Intel,Core i5,8,512,1024,Windows,64,2,Casual,1,0,0,83990,0,0
422,MSI,Intel,Core i5,8,512,512,DOS,32,6,Casual,1,0,0,291190,7,3
423,MSI,Intel,Core i5,8,512,512,DOS,32,6,Casual,1,0,0,145990,715,106
424,MSI,Intel,Core i5,8,512,512,DOS,32,8,Casual,1,0,0,179990,24,5
425,HP,Intel,Core i5,8,512,1024,Windows,64,2,Casual,1,0,1,64990,23,4
426,HP,Intel,Core i5,8,512,1024,Windows,64,0,Casual,1,0,0,46790,3062,325
427,HP,Intel,Core i5,4,512,1024,Windows,64,0,Casual,1,0,0,44599,122,12
428,acer,Intel,Core i5,8,512,1024,Windows,64,2,Casual,1,0,0,72964,18,6
429,HP,Intel,Core i5,8,512,1024,Windows,32,0,Casual,1,0,1,48790,11,1
430,acer,Intel,Core i5,8,512,1024,Windows,64,2,Casual,1,0,0,56491,30,6
431,ASUS,Intel,Core i5,8,256,1024,Windows,32,0,Casual,1,0,1,50990,1188,127
432,ASUS,Intel,Core i5,8,256,1024,Windows,64,4,Gaming,1,0,0,55990,23,0
433,acer,Intel,Core i5,8,256,1024,Windows,64,0,Casual,1,0,0,57990,32,1
434,ASUS,Intel,Core i5,8,256,1024,Windows,64,0,Casual,1,0,0,52990,0,0
435,DELL,Intel,Core i5,8,256,1024,Windows,64,0,Casual,1,0,0,57990,47,0
436,acer,Intel,Core i5,8,256,1024,Windows,64,0,ThinNlight,1,0,0,56990,27,2
437,acer,Intel,Core i5,8,256,1024,Windows,64,0,Casual,1,0,0,55490,8,3
438,DELL,Intel,Core i5,8,256,1024,Windows,64,2,Casual,1,0,0,62490,157,20
439,ASUS,Intel,Core i5,16,256,1024,Windows,64,0,Casual,1,0,0,64990,10,1
440,Lenovo,Intel,Core i5,8,256,1024,Windows,64,2,Casual,1,0,1,59990,52,4
441,ASUS,Intel,Core i5,8,256,1024,Windows,64,2,Casual,1,0,1,60190,33,4
442,ASUS,Intel,Core i5,8,256,1024,Windows,64,4,Gaming,1,0,0,54490,343,47
443,Lenovo,Intel,Core i5,8,256,1024,Windows,64,4,Casual,1,0,1,60990,131,17
444,DELL,Intel,Core i5,4,256,1024,Windows,64,0,ThinNlight,1,0,1,55790,41,4
445,ASUS,Intel,Core i5,16,256,1024,Windows,64,0,Casual,1,0,1,64990,328,51
446,ASUS,Intel,Core i5,16,256,1024,Windows,64,0,ThinNlight,1,0,0,58990,6,1
447,DELL,Intel,Core i5,8,256,1024,Windows,64,0,ThinNlight,1,0,1,54990,353,28
448,HP,Intel,Core i5,8,256,1024,Windows,64,4,Gaming,1,0,1,71990,127,20
449,DELL,Intel,Core i5,8,256,1024,Windows,64,2,Casual,1,0,0,69900,0,0
450,Lenovo,Intel,Core i5,8,256,1024,Windows,64,2,Casual,1,0,1,65990,241,19
451,ASUS,Intel,Core i5,8,256,1024,Windows,64,0,Casual,1,0,0,49990,22,2
452,DELL,Intel,Core i5,8,256,1024,Windows,64,0,ThinNlight,1,0,1,58990,8,1
453,Lenovo,Intel,Core i5,8,256,1024,Windows,64,4,Gaming,1,0,0,74590,898,128
454,ASUS,Intel,Core i5,8,256,1024,Windows,32,2,Casual,1,0,0,58990,1,1
455,ASUS,Intel,Core i5,8,256,1024,Windows,64,0,Casual,1,0,0,64990,0,0
456,DELL,Intel,Core i5,8,256,1024,Windows,64,2,Casual,1,0,0,66490,6,1
457,DELL,Intel,Core i5,8,256,1024,Windows,64,4,Casual,1,0,0,77900,179,34
458,DELL,Intel,Core i5,8,256,1024,Windows,64,2,Casual,1,0,0,67490,41,5
459,DELL,Intel,Core i5,8,256,1024,Windows,64,0,ThinNlight,1,0,1,61990,0,0
460,DELL,Intel,Core i5,8,256,1024,Windows,64,0,Casual,1,0,1,58990,114,9
461,Lenovo,Intel,Core i5,8,256,1024,Windows,64,4,Gaming,1,0,0,74999,268,25
462,ASUS,Intel,Core i5,8,256,1024,Windows,64,0,Casual,1,0,1,68900,6,1
463,DELL,Intel,Core i5,8,256,1024,Windows,64,2,Casual,1,0,0,71695,153,16
464,acer,Intel,Core i5,16,256,1024,Windows,64,0,Casual,1,0,0,62490,8,0
465,DELL,Intel,Core i5,8,512,2048,Windows,64,2,Casual,1,0,1,62317,377,53
466,MSI,Intel,Core i5,8,512,512,DOS,32,8,Casual,1,0,0,207290,0,0
467,DELL,Intel,Core i7,16,256,0,Windows,64,4,Casual,1,0,1,87990,120,21
468,Avita,Intel,Core i7,8,256,0,Windows,64,0,ThinNlight,1,0,0,73990,0,0
469,ASUS,Intel,Core i7,16,512,0,Windows,64,0,Casual,1,0,0,57990,76,9
470,ASUS,Intel,Core i7,8,512,0,Windows,64,4,Gaming,1,0,0,61990,11,2
471,MSI,Intel,Core i7,16,512,0,Windows,64,4,Casual,2,0,0,79990,484,56
472,Lenovo,Intel,Core i7,8,512,0,Windows,64,4,Gaming,1,0,1,68990,44,2
473,Lenovo,Intel,Core i7,16,512,0,Windows,64,0,Casual,1,1,1,85990,77,10
474,Lenovo,Intel,Core i7,16,512,0,Windows,64,4,Casual,1,0,1,99990,11,3
475,ASUS,Intel,Core i7,8,512,0,Windows,64,0,Casual,1,0,1,77990,21,5
476,Lenovo,Intel,Core i7,8,512,0,Windows,64,4,Gaming,1,0,0,79990,5,2
477,HP,Intel,Core i7,16,512,0,Windows,64,4,Casual,1,0,1,93190,4,0
478,ASUS,Intel,Core i7,16,512,0,Windows,64,0,Casual,1,0,1,94990,0,0
479,Lenovo,Intel,Core i7,16,512,0,Windows,64,0,Casual,3,1,1,84990,13,2
480,MSI,Intel,Core i7,8,512,0,Windows,64,0,ThinNlight,1,0,0,57990,15,0
481,HP,Intel,Core i7,16,512,0,Windows,64,0,Casual,1,1,1,102990,11,2
482,DELL,Intel,Core i7,16,512,0,Windows,64,4,Casual,1,0,0,99990,0,0
483,ASUS,Intel,Core i7,16,512,0,Windows,64,4,Gaming,1,0,0,94990,118,15
484,HP,Intel,Core i7,16,512,0,Windows,64,0,Casual,1,1,1,104000,0,0
485,MSI,Intel,Core i7,16,512,0,Windows,64,2,Casual,1,0,0,76990,0,0
486,HP,Intel,Core i7,16,512,0,Windows,64,4,Gaming,1,0,1,90190,6,1
487,Lenovo,Intel,Core i7,16,512,0,Windows,32,0,Casual,1,1,0,88488,0,0
488,MSI,Intel,Core i7,16,512,0,Windows,64,4,Casual,1,0,0,109990,138,30
489,MSI,Intel,Core i7,16,512,0,Windows,64,4,Casual,1,0,0,86990,0,0
490,MSI,Intel,Core i7,16,512,0,Windows,64,0,Casual,1,0,0,89990,0,0
491,HP,Intel,Core i7,16,512,0,Windows,64,0,Casual,1,1,1,239759,0,0
492,ASUS,Intel,Core i7,16,512,0,Windows,64,2,Casual,1,0,1,78990,35,4
493,DELL,Intel,Core i7,16,512,0,Windows,64,0,ThinNlight,1,0,1,121890,3,0
494,ASUS,Intel,Core i7,16,512,0,Windows,64,0,ThinNlight,1,0,0,85990,18,0
495,MSI,Intel,Core i7,16,512,0,Windows,64,4,Casual,2,0,0,94990,0,0
496,HP,Intel,Core i7,16,512,0,Windows,64,4,Gaming,1,0,1,92000,8,1
497,HP,Intel,Core i7,16,512,0,Windows,64,0,Casual,1,1,0,162990,3,1
498,DELL,Intel,Core i7,16,512,0,Windows,64,0,ThinNlight,1,0,1,135300,5,2
499,MSI,Intel,Core i7,16,512,0,Windows,64,0,Casual,1,0,0,64990,33,5
500,Lenovo,Intel,Core i7,16,512,0,Windows,64,0,ThinNlight,3,0,0,174527,0,0
501,Lenovo,Intel,Core i7,16,512,0,Windows,64,0,ThinNlight,1,0,0,162299,0,0
502,DELL,Intel,Core i7,16,512,0,Windows,64,0,Casual,1,1,1,109190,0,0
503,HP,Intel,Core i7,16,512,0,Windows,64,0,Casual,1,1,1,99999,0,0
504,MSI,Intel,Core i7,16,512,0,Windows,64,2,Casual,1,0,0,104990,85,9
505,ASUS,Intel,Core i7,16,512,0,Windows,64,0,ThinNlight,1,1,0,109990,0,0
506,ASUS,Intel,Core i7,16,512,0,Windows,64,0,ThinNlight,1,0,0,99990,30,7
507,Lenovo,Intel,Core i7,16,512,0,Windows,64,2,ThinNlight,1,0,0,244801,0,0
508,ASUS,Intel,Core i7,16,512,0,Windows,64,0,ThinNlight,1,0,0,94990,0,0
509,Lenovo,Intel,Core i7,16,512,0,Windows,64,0,ThinNlight,1,0,1,86000,0,0
510,Lenovo,Intel,Core i7,16,512,0,Windows,32,2,Casual,1,0,0,162399,0,0
511,HP,Intel,Core i7,16,512,0,Windows,32,0,Casual,1,0,0,119599,0,0
512,Lenovo,Intel,Core i7,16,512,0,Windows,64,0,ThinNlight,1,0,0,211753,0,0
513,Lenovo,Intel,Core i7,16,512,0,Windows,32,0,Casual,1,0,0,110999,0,0
514,ASUS,Intel,Core i7,8,512,0,Windows,64,0,ThinNlight,1,0,0,81990,40,4
515,MSI,Intel,Core i7,8,512,0,Windows,64,4,Casual,2,0,0,66990,1639,230
516,MSI,Intel,Core i7,16,1024,0,Windows,64,6,Casual,2,0,0,84990,498,64
517,ASUS,Intel,Core i7,16,1024,0,Windows,64,2,Casual,1,1,1,104990,0,0
518,ASUS,Intel,Core i7,16,1024,0,Windows,64,0,Casual,1,1,0,134990,0,0
519,ASUS,Intel,Core i7,16,1024,0,Windows,64,4,Gaming,1,0,0,98990,445,56
520,HP,Intel,Core i7,16,1024,0,Windows,64,6,Casual,1,0,1,144690,17,4
521,ASUS,Intel,Core i7,16,1024,0,Windows,64,0,ThinNlight,1,0,0,99990,0,0
522,MSI,Intel,Core i7,16,1024,0,Windows,64,6,Casual,2,0,0,119990,20,3
523,ASUS,Intel,Core i7,16,1024,0,Windows,32,4,Casual,1,0,0,194990,0,0
524,ASUS,Intel,Core i7,16,1024,0,Windows,64,2,Casual,1,0,1,124990,17,1
525,DELL,Intel,Core i7,16,1024,0,Windows,64,2,Casual,1,0,0,122410,0,0
526,HP,Intel,Core i7,16,1024,0,Windows,64,0,Casual,1,1,0,179990,13,5
527,MSI,Intel,Core i7,16,1024,0,Windows,64,4,Casual,2,1,0,154990,3,2
528,Lenovo,Intel,Core i7,16,1024,0,Windows,64,0,Casual,1,0,1,122990,4,2
529,ASUS,Intel,Core i7,16,1024,0,Windows,64,6,Casual,1,1,0,224990,9,0
530,MSI,Intel,Core i7,16,1024,0,Windows,64,8,Casual,1,0,0,279990,0,0
531,HP,Intel,Core i7,16,1024,0,Windows,64,4,Casual,1,0,0,121990,0,0
532,HP,Intel,Core i7,16,1024,0,Windows,64,4,Casual,1,0,0,116990,0,0
533,Lenovo,Intel,Core i7,16,1024,0,Windows,64,6,Casual,1,0,0,151098,7,0
534,MSI,Intel,Core i7,16,1024,0,Windows,64,8,Casual,2,0,0,129990,14,3
535,HP,Intel,Core i7,16,1024,0,Windows,64,0,Casual,1,1,0,149999,0,0
536,MSI,Intel,Core i7,16,1024,0,Windows,64,6,Casual,1,0,0,139990,4,2
537,acer,Intel,Core i7,16,1024,0,Windows,64,6,Casual,1,0,0,129990,54,7
538,HP,Intel,Core i7,16,1024,0,Windows,64,8,Casual,1,0,1,171990,0,0
539,DELL,Intel,Core i7,16,1024,0,Windows,64,2,Casual,1,0,1,93955,4,0
540,ASUS,Intel,Core i7,16,1024,0,Windows,64,8,Casual,1,0,0,234990,0,0
541,HP,Intel,Core i7,16,1024,0,Windows,64,0,Casual,1,1,1,128500,3,1
542,Lenovo,Intel,Core i7,16,1024,0,Windows,64,0,Casual,1,1,1,102990,16,2
543,ASUS,Intel,Core i7,16,1024,0,Windows,64,0,Casual,1,1,0,119990,8,1
544,ASUS,Intel,Core i7,16,1024,0,Windows,32,6,Casual,1,0,0,120980,0,0
545,ASUS,Intel,Core i7,16,1024,0,Windows,32,6,Casual,1,0,0,157249,7,0
546,Lenovo,Intel,Core i7,16,1024,0,Windows,64,4,ThinNlight,1,0,0,229900,0,0
547,ASUS,Intel,Core i7,16,1024,0,Windows,64,6,Casual,1,0,0,131500,0,0
548,ASUS,Intel,Core i7,16,1024,0,Windows,64,0,Casual,1,0,0,154990,3,0
549,ASUS,Intel,Core i7,16,1024,0,Windows,64,0,Casual,1,0,0,165990,0,0
550,Lenovo,Intel,Core i7,16,1024,0,Windows,64,0,ThinNlight,1,0,0,119990,2,1
551,ASUS,Intel,Core i7,16,1024,0,Windows,64,0,Casual,1,0,0,167990,0,0
552,HP,Intel,Core i7,16,1024,0,Windows,64,0,Casual,1,1,0,165000,0,0
553,Avita,Intel,Core i7,16,1024,0,Windows,64,0,ThinNlight,1,0,0,62990,207,49
554,Lenovo,Intel,Core i7,16,1024,0,Windows,64,0,Casual,1,0,1,85990,7,2
555,HP,Intel,Core i7,16,1024,0,Windows,64,2,Casual,1,0,1,94990,0,0
556,HP,Intel,Core i7,16,1024,0,Windows,64,6,Casual,1,0,1,136990,0,0
557,Lenovo,Intel,Core i7,16,1024,0,Windows,64,8,Casual,1,0,1,234990,0,0
558,acer,Intel,Core i7,16,2048,0,Windows,64,8,Casual,1,0,0,159990,4,0
559,ASUS,Intel,Core i7,16,2048,0,Windows,64,0,Casual,1,0,0,233990,0,0
560,ASUS,Intel,Core i7,16,512,1024,Windows,64,2,Casual,1,0,0,93990,0,0
561,HP,Intel,Core i7,16,128,1024,Windows,64,4,Casual,1,0,0,116941,0,0
562,MSI,Intel,Core i7,8,256,1024,Windows,64,4,Casual,2,0,0,63990,794,83
563,ASUS,Intel,Core i7,16,256,1024,Windows,64,4,Gaming,1,0,0,66990,25,4
564,ASUS,Intel,Core i7,16,256,1024,Windows,32,0,ThinNlight,1,0,0,82500,0,0
565,acer,Intel,Core i7,16,256,1024,Windows,64,6,Casual,1,0,0,119990,2038,313
566,MSI,Intel,Core i7,16,256,1024,Windows,64,4,Casual,3,0,0,159990,0,0
567,ASUS,Intel,Core i7,16,256,1024,Windows,64,0,ThinNlight,1,0,0,98912,0,0
568,acer,Intel,Core i7,16,512,1024,Windows,64,4,Casual,1,0,0,92990,214,37
569,acer,Intel,Core i7,16,512,1024,Windows,32,6,Casual,1,0,0,119990,342,54
570,acer,Intel,Core i9,32,1024,0,Windows,64,8,Casual,1,0,0,169990,0,0
571,acer,Intel,Core i9,16,1024,0,Windows,64,6,Casual,1,0,0,139990,0,0
572,MSI,Intel,Core i9,16,1024,0,Windows,64,6,Casual,1,0,0,192990,0,0
573,ASUS,Intel,Core i9,16,1024,0,Windows,64,6,Casual,1,0,0,299990,0,0
574,ASUS,Intel,Core i9,16,1024,0,Windows,64,6,Casual,1,1,0,269990,8,1
575,ASUS,Intel,Core i9,16,1024,0,Windows,64,6,Gaming,1,0,0,139990,0,0
576,Lenovo,Intel,Core i9,16,1024,0,Windows,32,8,Casual,1,0,0,265998,0,0
577,ASUS,Intel,Core i9,16,3072,0,Windows,32,6,Casual,1,0,0,441990,1,1
578,MSI,Intel,Core i5,8,512,512,DOS,32,4,Casual,1,0,0,86990,218,27
579,MSI,Intel,Core i5,8,512,512,DOS,32,6,Casual,1,0,0,109990,78,16
580,MSI,Intel,Core i5,8,512,512,DOS,32,4,Casual,1,0,0,109590,5,2
581,ASUS,Intel,Core i7,16,512,512,DOS,32,6,Casual,1,0,0,146490,2,1
582,APPLE,M1,M1,8,256,0,Mac,64,0,Casual,1,0,0,85990,6725,629
583,APPLE,M1,M1,8,256,0,Mac,64,0,Casual,1,0,0,112990,640,70
584,APPLE,M1,M1,16,256,0,Mac,64,0,Casual,1,0,0,104990,45,4
585,APPLE,M1,M1,16,256,0,Mac,64,0,Casual,1,0,0,132990,640,70
586,APPLE,M1,M1,16,512,0,Mac,64,0,Casual,1,0,0,149990,640,70
587,APPLE,M1,M1,8,512,0,Mac,64,0,Casual,1,0,0,125990,399,45
588,APPLE,M1,M1,8,512,0,Mac,64,0,Casual,1,0,0,103990,809,91
589,APPLE,M1,M1,8,512,0,Mac,64,0,Casual,1,0,0,101990,809,91
590,APPLE,M1,M1,8,512,0,Mac,64,0,Casual,1,0,0,104990,6725,629
591,APPLE,M1,M1,8,512,0,Mac,64,0,Casual,1,0,0,131990,399,45
592,APPLE,M1,M1,16,512,0,Mac,64,0,Casual,1,0,0,128990,45,4
593,APPLE,M1,M1,16,512,0,Mac,64,0,Casual,1,0,0,184990,42,8
594,APPLE,M1,M1,16,512,0,Mac,64,0,Casual,1,0,0,225990,42,8
595,APPLE,M1,M1,4,512,0,Mac,64,0,Casual,1,0,0,124990,45,4
596,APPLE,M1,M1,8,1024,0,Mac,64,0,Casual,1,0,0,149990,640,70
597,APPLE,M1,M1,16,1024,0,Mac,64,0,Casual,1,0,0,169990,640,70
598,APPLE,M1,M1,16,1024,0,Mac,64,0,Casual,1,0,0,225990,42,8
599,APPLE,M1,M1,16,1024,0,Mac,64,0,Casual,1,0,0,243990,42,8
600,APPLE,M1,M1,32,1024,0,Mac,64,0,Casual,1,0,0,309990,3,1
601,ASUS,Intel,Pentium Quad,4,512,512,Windows,64,0,Casual,1,0,0,45990,0,0
602,ASUS,Intel,Pentium Quad,4,128,0,Windows,32,0,Casual,1,1,0,58100,0,0
603,ASUS,Intel,Pentium Quad,8,256,0,Windows,64,0,Casual,1,1,0,62990,0,0
604,HP,Intel,Pentium Quad,8,256,0,Windows,64,0,ThinNlight,1,0,1,32990,77,9
605,ASUS,Intel,Pentium Quad,4,256,0,Windows,64,0,ThinNlight,1,0,1,33990,6,0
606,acer,Intel,Pentium Quad,4,256,0,Windows,64,0,Casual,1,0,0,30990,465,89
607,DELL,Intel,Pentium Quad,4,256,0,Windows,64,0,ThinNlight,1,0,0,36000,102,16
608,ASUS,Intel,Pentium Quad,4,256,0,Windows,64,0,ThinNlight,1,0,1,32990,7,1
609,DELL,Intel,Pentium Quad,4,256,0,Windows,64,0,Casual,1,0,0,35990,0,0
610,ASUS,Intel,Pentium Quad,4,512,1024,Windows,64,0,Casual,1,0,0,27990,0,0
611,ASUS,Intel,Pentium Quad,4,512,1024,Windows,64,0,Casual,1,0,0,25990,4741,658
612,ASUS,Intel,Pentium Quad,4,512,1024,Windows,64,0,Casual,1,0,0,25990,2736,350
613,ASUS,Intel,Pentium Quad,4,512,1024,Windows,64,0,Casual,1,0,0,30780,0,0
614,HP,AMD,Ryzen 3,8,256,0,Windows,64,0,ThinNlight,1,0,0,37990,2214,241
615,ASUS,AMD,Ryzen 3,8,256,0,Windows,64,0,ThinNlight,1,0,0,35990,2886,375
616,DELL,AMD,Ryzen 3,8,256,0,Windows,64,0,ThinNlight,1,0,0,39490,34,4
617,DELL,AMD,Ryzen 3,8,256,0,Windows,64,0,ThinNlight,1,0,0,36990,137,15
618,DELL,AMD,Ryzen 3,8,256,0,Windows,64,0,ThinNlight,1,0,0,39990,7,0
619,ASUS,AMD,Ryzen 3,4,256,0,Windows,64,0,ThinNlight,1,0,0,33690,170,26
620,DELL,AMD,Ryzen 3,8,256,0,Windows,64,0,ThinNlight,1,0,0,40590,0,0
621,ASUS,AMD,Ryzen 3,4,256,0,Windows,64,0,Casual,1,0,0,37990,39,3
622,ASUS,AMD,Ryzen 3,4,256,0,Windows,64,0,ThinNlight,1,0,1,34500,2886,375
623,acer,AMD,Ryzen 3,8,512,0,Windows,64,0,Casual,1,0,0,36990,11,2
624,HP,AMD,Ryzen 3,8,512,0,Windows,64,0,ThinNlight,1,0,0,43490,163,33
625,HP,AMD,Ryzen 3,8,512,0,Windows,64,0,ThinNlight,1,0,1,41490,153,21
626,acer,AMD,Ryzen 3,4,512,0,Windows,64,0,Casual,1,0,0,34990,0,0
627,HP,AMD,Ryzen 3,4,512,0,Windows,64,0,ThinNlight,1,0,1,44490,267,42
628,DELL,AMD,Ryzen 3,4,512,0,Windows,64,0,ThinNlight,1,0,0,40590,0,0
629,DELL,AMD,Ryzen 3,8,512,0,Windows,64,0,ThinNlight,1,0,0,42090,3,0
630,DELL,AMD,Ryzen 3,8,512,1024,Windows,64,0,ThinNlight,1,0,1,35990,59,12
631,HP,AMD,Ryzen 3,8,512,1024,Windows,64,0,ThinNlight,1,0,1,39490,7291,895
632,DELL,AMD,Ryzen 3,8,512,1024,Windows,64,0,ThinNlight,1,0,0,37390,38,5
633,DELL,AMD,Ryzen 3,4,512,1024,Windows,64,0,ThinNlight,1,0,1,52632,0,0
634,DELL,AMD,Ryzen 3,4,512,1024,Windows,64,0,Casual,1,0,1,39990,409,39
635,DELL,AMD,Ryzen 3,4,512,1024,Windows,64,0,Casual,1,0,0,43990,0,0
636,HP,AMD,Ryzen 3,4,512,1024,Windows,64,0,Casual,1,0,0,32917,353,58
637,Lenovo,AMD,Ryzen 3,4,512,1024,Windows,64,0,Casual,1,0,0,34990,38,6
638,DELL,AMD,Ryzen 3,8,512,1024,Windows,64,0,ThinNlight,1,0,0,39990,18,4
639,HP,AMD,Ryzen 3,8,256,1024,Windows,64,0,Casual,1,0,1,41999,3524,432
640,DELL,AMD,Ryzen 5,8,256,0,Windows,64,0,Casual,1,0,1,41990,939,107
641,DELL,AMD,Ryzen 5,8,256,0,Windows,64,0,ThinNlight,1,0,0,44490,14,1
642,DELL,AMD,Ryzen 5,8,256,0,Windows,64,0,Casual,1,0,1,41990,649,84
643,DELL,AMD,Ryzen 5,8,256,0,Windows,64,0,ThinNlight,1,0,1,44490,8,2
644,MSI,AMD,Ryzen 5,4,256,0,Windows,64,0,Casual,1,0,0,49990,0,0
645,DELL,AMD,Ryzen 5,4,256,0,Windows,64,0,ThinNlight,1,0,0,44390,276,24
646,HP,AMD,Ryzen 5,8,512,0,Windows,64,4,Casual,1,0,0,57990,4740,532
647,Lenovo,AMD,Ryzen 5,8,512,0,Windows,64,4,Gaming,1,0,1,56990,162,15
648,Lenovo,AMD,Ryzen 5,8,512,0,Windows,64,0,ThinNlight,1,0,0,48990,219,27
649,HP,AMD,Ryzen 5,8,512,0,Windows,64,0,ThinNlight,1,0,1,49970,193,28
650,MSI,AMD,Ryzen 5,8,512,0,Windows,64,0,Casual,1,0,0,47990,562,89
651,HP,AMD,Ryzen 5,8,512,0,Windows,64,0,ThinNlight,1,0,1,48990,45,5
652,acer,AMD,Ryzen 5,8,512,0,Windows,64,0,ThinNlight,1,0,0,53990,7,0
653,Lenovo,AMD,Ryzen 5,8,512,0,Windows,64,0,Casual,1,0,1,52990,39,5
654,acer,AMD,Ryzen 5,8,512,0,Windows,64,0,Casual,1,0,0,43990,0,0
655,Lenovo,AMD,Ryzen 5,8,512,0,Windows,64,4,Gaming,1,0,0,59490,92,10
656,MSI,AMD,Ryzen 5,8,512,0,Windows,64,4,Casual,1,0,0,64990,469,80
657,DELL,AMD,Ryzen 5,8,512,0,Windows,64,0,ThinNlight,1,0,0,47490,2,1
658,HP,AMD,Ryzen 5,8,512,0,Windows,64,4,Casual,1,0,0,59990,1978,188
659,Lenovo,AMD,Ryzen 5,8,512,0,Windows,64,4,Casual,1,0,0,69990,9,0
660,HP,AMD,Ryzen 5,8,512,0,Windows,64,4,Casual,1,0,0,58990,1049,134
661,DELL,AMD,Ryzen 5,8,512,0,Windows,64,0,ThinNlight,1,0,0,59490,74,18
662,HP,AMD,Ryzen 5,16,512,0,Windows,64,0,ThinNlight,1,0,1,67500,196,19
663,HP,AMD,Ryzen 5,8,512,0,Windows,32,0,Casual,1,0,0,48990,17,1
664,ASUS,AMD,Ryzen 5,8,512,0,Windows,64,0,Casual,1,1,1,62450,172,36
665,ASUS,AMD,Ryzen 5,8,512,0,Windows,64,0,Casual,1,0,0,58990,324,34
666,HP,AMD,Ryzen 5,8,512,0,Windows,64,0,ThinNlight,1,0,1,57999,86,15
667,ASUS,AMD,Ryzen 5,16,512,0,Windows,64,0,Casual,1,0,0,56990,4,1
668,HP,AMD,Ryzen 5,8,512,0,Windows,64,4,Casual,1,0,1,72990,16,4
669,HP,AMD,Ryzen 5,16,512,0,Windows,64,0,Casual,1,0,1,65990,104,18
670,HP,AMD,Ryzen 5,16,512,0,Windows,64,0,Casual,1,1,1,98020,0,0
671,HP,AMD,Ryzen 5,16,512,0,Windows,64,2,Casual,1,0,1,63990,90,13
672,ASUS,AMD,Ryzen 5,8,512,0,Windows,32,0,ThinNlight,1,0,1,49890,6,1
673,DELL,AMD,Ryzen 5,8,512,0,Windows,64,0,ThinNlight,1,0,1,49990,47,7
674,DELL,AMD,Ryzen 5,8,512,0,Windows,64,0,ThinNlight,1,0,1,59490,0,0
675,HP,AMD,Ryzen 5,8,512,0,Windows,64,0,Casual,1,1,1,73999,206,27
676,DELL,AMD,Ryzen 5,4,512,0,Windows,64,0,ThinNlight,1,0,1,60990,183,42
677,DELL,AMD,Ryzen 5,4,512,0,Windows,64,6,Casual,1,0,0,76190,358,64
678,Lenovo,AMD,Ryzen 5,4,512,0,Windows,64,0,ThinNlight,3,1,1,74798,0,0
679,ASUS,AMD,Ryzen 5,4,512,0,Windows,64,0,Casual,1,0,0,58990,88,13
680,HP,AMD,Ryzen 5,4,512,0,Windows,32,4,Casual,1,0,0,68100,0,0
681,Lenovo,AMD,Ryzen 5,4,512,0,Windows,64,0,ThinNlight,1,1,1,77990,0,0
682,HP,AMD,Ryzen 5,4,512,0,Windows,64,0,ThinNlight,1,0,1,55090,364,52
683,ASUS,AMD,Ryzen 5,4,512,0,Windows,64,0,Casual,1,1,0,91990,0,0
684,HP,AMD,Ryzen 5,4,512,0,Windows,64,0,Casual,1,0,1,84208,0,0
685,acer,AMD,Ryzen 5,4,512,0,Windows,64,0,Casual,1,0,0,44990,313,39
686,HP,AMD,Ryzen 5,4,512,0,Windows,64,0,ThinNlight,1,0,1,53490,826,118
687,Lenovo,AMD,Ryzen 5,4,512,0,Windows,64,4,Casual,1,0,0,76498,0,0
688,DELL,AMD,Ryzen 5,4,512,0,Windows,64,4,Casual,1,0,0,98920,0,0
689,MSI,AMD,Ryzen 5,4,512,0,Windows,64,0,Casual,1,0,0,54990,1410,203
690,acer,AMD,Ryzen 5,4,512,0,Windows,64,0,Casual,1,0,0,49990,47,6
691,HP,AMD,Ryzen 5,4,512,0,Windows,32,0,Casual,1,0,0,52380,0,0
692,acer,AMD,Ryzen 5,4,512,0,Windows,64,0,ThinNlight,1,0,0,49990,6,1
693,HP,AMD,Ryzen 5,4,512,0,Windows,64,0,ThinNlight,1,0,1,52500,741,67
694,ASUS,AMD,Ryzen 5,4,512,0,Windows,64,0,ThinNlight,1,0,1,49990,14,2
695,acer,AMD,Ryzen 5,4,512,0,Windows,64,0,ThinNlight,1,0,0,75999,0,0
696,ASUS,AMD,Ryzen 5,4,512,0,Windows,64,0,Casual,1,0,0,80990,0,0
697,Lenovo,AMD,Ryzen 5,4,512,0,Windows,32,0,Casual,1,0,0,59900,3,0
698,HP,AMD,Ryzen 5,4,512,0,Windows,64,0,ThinNlight,1,0,1,54590,349,69
699,DELL,AMD,Ryzen 5,4,512,0,Windows,64,0,Casual,1,1,1,75500,0,0
700,HP,AMD,Ryzen 5,8,512,0,Windows,64,0,ThinNlight,1,0,1,51890,519,48
701,ASUS,AMD,Ryzen 5,16,512,0,Windows,64,0,Casual,1,0,0,78000,3,0
702,HP,AMD,Ryzen 5,16,512,0,Windows,64,0,ThinNlight,1,0,1,59999,19,1
703,HP,AMD,Ryzen 5,8,512,0,Windows,64,4,Gaming,1,0,1,64990,8,1
704,DELL,AMD,Ryzen 5,4,1024,0,Windows,32,0,Casual,1,0,0,57900,3,1
705,Lenovo,AMD,Ryzen 5,4,1024,0,Windows,64,0,ThinNlight,3,1,1,81978,0,0
706,HP,AMD,Ryzen 5,4,512,1024,Windows,64,4,Gaming,1,0,0,59990,1480,151
707,DELL,AMD,Ryzen 5,8,256,1024,Windows,64,0,Casual,1,0,0,49490,31,3
708,ASUS,AMD,Ryzen 5,8,256,1024,Windows,64,0,Casual,1,0,0,54990,18,3
709,Lenovo,AMD,Ryzen 5,8,256,1024,Windows,64,4,Casual,1,0,0,68500,271,24
710,ASUS,AMD,Ryzen 5,8,256,1024,Windows,64,0,Casual,1,0,0,54990,49,6
711,ASUS,AMD,Ryzen 5,8,256,1024,Windows,32,0,Casual,1,0,1,54990,474,65
712,Lenovo,AMD,Ryzen 5,8,256,1024,Windows,64,0,Gaming,1,0,1,63990,861,116
713,HP,AMD,Ryzen 5,4,256,1024,Windows,64,4,Gaming,1,0,0,80000,34,6
714,DELL,AMD,Ryzen 5,4,256,1024,Windows,32,0,Casual,1,0,0,51990,0,0
715,ASUS,AMD,Ryzen 5,4,256,1024,Windows,64,0,Casual,1,0,1,62990,165,34
716,HP,AMD,Ryzen 5,4,256,1024,Windows,64,0,ThinNlight,1,0,0,52990,698,74
717,ASUS,AMD,Ryzen 5,4,256,1024,Windows,64,0,ThinNlight,1,0,1,75100,0,0
718,ASUS,AMD,Ryzen 7,16,512,0,Windows,32,4,Gaming,1,0,0,76990,22,3
719,ASUS,AMD,Ryzen 7,16,512,0,Windows,64,4,Casual,1,0,0,79990,0,0
720,ASUS,AMD,Ryzen 7,8,512,0,Windows,64,4,Casual,1,0,0,71990,144,16
721,ASUS,AMD,Ryzen 7,8,512,0,Windows,64,4,Casual,1,0,0,71990,1810,235
722,Lenovo,AMD,Ryzen 7,16,512,0,Windows,64,4,Casual,1,0,1,99990,26,1
723,ASUS,AMD,Ryzen 7,16,512,0,Windows,64,0,Casual,1,0,0,79990,0,0
724,DELL,AMD,Ryzen 7,16,512,0,Windows,64,4,Casual,1,0,0,93990,0,0
725,ASUS,AMD,Ryzen 7,16,512,0,Windows,64,4,Gaming,1,0,0,82990,1067,145
726,ASUS,AMD,Ryzen 7,4,512,0,Windows,64,4,Casual,1,0,0,106990,0,0
727,ASUS,AMD,Ryzen 7,4,512,0,Windows,64,0,Casual,1,0,0,92990,25,4
728,Lenovo,Intel,Ryzen 7,4,512,0,Windows,32,4,Casual,3,0,1,81490,0,0
729,ASUS,AMD,Ryzen 7,4,512,0,Windows,64,0,Casual,1,0,1,56990,0,0
730,MSI,AMD,Ryzen 7,4,512,0,Windows,64,0,Casual,1,0,0,64990,0,0
731,Lenovo,AMD,Ryzen 7,4,512,0,Windows,64,0,Casual,1,0,1,60990,530,69
732,Lenovo,AMD,Ryzen 7,4,512,0,Windows,64,4,Casual,1,0,1,84988,0,0
733,HP,AMD,Ryzen 7,4,512,0,Windows,64,4,Casual,1,0,0,90990,273,40
734,ASUS,AMD,Ryzen 7,4,512,0,Windows,64,0,Casual,1,0,0,63990,77,7
735,Lenovo,AMD,Ryzen 7,4,512,0,Windows,64,0,Casual,1,0,1,63990,105,10
736,HP,AMD,Ryzen 7,4,512,0,Windows,64,0,ThinNlight,1,0,1,57999,44,5
737,ASUS,AMD,Ryzen 7,4,512,0,Windows,32,4,Casual,1,0,0,72400,0,0
738,Lenovo,AMD,Ryzen 7,4,512,0,Windows,64,0,Casual,1,1,0,78990,6,0
739,acer,AMD,Ryzen 7,4,512,0,Windows,64,0,ThinNlight,1,0,0,59990,0,0
740,ASUS,AMD,Ryzen 7,4,512,0,Windows,32,4,Casual,1,0,0,111990,0,0
741,HP,AMD,Ryzen 7,4,512,0,Windows,32,0,Casual,1,1,0,109000,0,0
742,DELL,AMD,Ryzen 7,4,512,0,Windows,64,6,Casual,1,0,0,89990,191,27
743,Lenovo,AMD,Ryzen 7,4,512,0,Windows,64,0,Casual,3,1,1,78988,0,0
744,Lenovo,AMD,Ryzen 7,4,512,0,Windows,64,4,Casual,1,0,0,73138,4,1
745,Lenovo,AMD,Ryzen 7,4,512,0,Windows,64,4,Casual,1,0,0,106990,0,0
746,ASUS,AMD,Ryzen 7,4,512,0,Windows,32,4,Casual,1,0,0,79990,0,0
747,DELL,AMD,Ryzen 7,4,512,0,Windows,64,0,Casual,1,1,1,89570,0,0
748,HP,AMD,Ryzen 7,4,512,0,Windows,64,0,ThinNlight,1,0,1,68500,134,22
749,Lenovo,AMD,Ryzen 7,16,512,0,Windows,64,0,Casual,1,0,0,73400,0,0
750,HP,AMD,Ryzen 7,16,512,0,Windows,64,2,Casual,1,0,1,79990,23,6
751,HP,AMD,Ryzen 7,16,512,0,Windows,64,4,Gaming,1,0,1,84990,4,2
752,MSI,AMD,Ryzen 7,16,1024,0,Windows,64,8,Casual,1,0,0,99990,108,24
753,ASUS,AMD,Ryzen 7,8,1024,0,Windows,64,4,Casual,1,0,0,72990,198,24
754,HP,AMD,Ryzen 7,16,1024,0,Windows,64,0,ThinNlight,1,1,1,92990,0,0
755,HP,AMD,Ryzen 7,16,1024,0,Windows,64,0,ThinNlight,1,0,1,84190,0,0
756,ASUS,AMD,Ryzen 7,16,1024,0,Windows,64,0,Casual,1,1,0,112990,0,0
757,ASUS,AMD,Ryzen 7,4,1024,0,Windows,32,4,Casual,1,0,0,114990,0,0
758,acer,AMD,Ryzen 7,4,1024,0,Windows,64,4,Casual,1,0,0,99990,0,0
759,ASUS,AMD,Ryzen 7,4,1024,0,Windows,32,4,Gaming,1,0,0,95990,57,3
760,HP,AMD,Ryzen 7,4,1024,0,Windows,64,8,Casual,1,0,0,159990,17,2
761,ASUS,AMD,Ryzen 7,4,1024,0,Windows,64,0,Casual,1,0,1,76990,0,0
762,Lenovo,AMD,Ryzen 7,4,1024,0,Windows,64,6,Casual,1,0,1,130990,0,0
763,ASUS,AMD,Ryzen 7,4,1024,0,Windows,64,0,Casual,1,0,0,99990,0,0
764,ASUS,AMD,Ryzen 7,4,1024,0,Windows,64,4,Casual,1,0,0,112990,0,0
765,Lenovo,AMD,Ryzen 7,4,1024,0,Windows,64,0,Casual,1,0,1,77988,0,0
766,ASUS,AMD,Ryzen 7,4,1024,0,Windows,64,0,Casual,1,0,1,76000,1,1
767,ASUS,AMD,Ryzen 7,4,1024,0,Windows,64,4,Casual,1,1,0,99990,77,15
768,ASUS,AMD,Ryzen 7,4,1024,0,Windows,64,0,Casual,1,0,0,111000,0,0
769,ASUS,AMD,Ryzen 7,16,1024,0,Windows,64,0,ThinNlight,1,0,1,84970,2,1
770,HP,AMD,Ryzen 7,16,256,1024,Windows,64,4,Gaming,1,0,1,75990,1084,123
771,acer,AMD,Ryzen 7,16,256,1024,Windows,64,6,Casual,1,0,0,89990,272,36
772,acer,AMD,Ryzen 7,16,256,1024,Windows,64,4,Casual,1,0,0,81990,141,24
773,Lenovo,AMD,Ryzen 7,4,512,1024,Windows,32,0,Casual,1,0,0,80490,0,0
774,ASUS,AMD,Ryzen 9,16,1024,0,Windows,64,6,Casual,1,0,0,135990,0,0
775,ASUS,AMD,Ryzen 9,16,1024,0,Windows,32,0,Casual,1,0,0,154990,194,42
776,ASUS,AMD,Ryzen 9,16,1024,0,Windows,64,8,Casual,1,0,1,199990,9,2
777,ASUS,AMD,Ryzen 9,16,1024,0,Windows,64,4,Casual,1,0,0,114990,28,4
778,ASUS,AMD,Ryzen 9,16,1024,0,Windows,64,6,Casual,1,0,1,129990,204,35
779,ASUS,AMD,Ryzen 9,16,1024,0,Windows,64,4,Casual,1,1,1,114990,32,6
780,MSI,AMD,Ryzen 9,4,1024,0,Windows,64,0,Casual,1,0,0,146990,0,0
781,ASUS,AMD,Ryzen 9,4,1024,0,Windows,64,0,Casual,1,0,0,104990,14,2
782,ASUS,AMD,Ryzen 9,4,1024,0,Windows,64,4,Casual,1,1,0,114990,14,1
783,ASUS,AMD,Ryzen 9,4,1024,0,Windows,64,4,Casual,1,1,1,124990,3,0
784,ASUS,AMD,Ryzen 9,4,1024,0,Windows,64,0,Casual,1,1,0,134990,0,0
785,HP,AMD,Ryzen 9,4,1024,0,Windows,64,8,Casual,1,0,1,141990,0,0
786,ASUS,AMD,Ryzen 9,4,1024,0,Windows,64,0,Casual,1,0,0,129990,0,0
787,ASUS,AMD,Ryzen 9,4,1024,0,Windows,64,4,Casual,1,1,1,142990,4,1
788,ASUS,AMD,Ryzen 9,4,1024,0,Windows,64,0,Casual,1,0,0,121990,0,0
789,ASUS,AMD,Ryzen 9,4,1024,0,Windows,64,4,Casual,1,1,1,124990,44,12
790,ASUS,AMD,Ryzen 9,4,1024,0,Windows,64,6,Casual,1,0,0,141990,61,13
791,ASUS,AMD,Ryzen 9,4,1024,0,Windows,64,4,Casual,1,0,0,162990,0,0
792,ASUS,AMD,Ryzen 9,4,1024,0,Windows,64,0,Casual,1,0,0,130500,0,0
793,ASUS,AMD,Ryzen 9,4,1024,0,Windows,64,4,Casual,1,0,0,116990,0,0
794,ASUS,AMD,Ryzen 9,4,1024,0,Windows,32,6,Casual,1,0,0,138990,0,0
795,ASUS,AMD,Ryzen 9,4,1024,0,Windows,64,4,Casual,1,1,1,234990,0,0
796,ASUS,AMD,Ryzen 9,4,1024,0,Windows,64,0,Casual,1,0,0,135990,0,0
797,ASUS,AMD,Ryzen 9,4,1024,0,Windows,64,0,Casual,1,0,0,144990,0,0
798,ASUS,AMD,Ryzen 9,4,1024,0,Windows,64,4,Casual,1,0,0,149990,0,0
799,ASUS,AMD,Ryzen 9,4,1024,0,Windows,64,4,Casual,1,0,0,142990,0,0
800,Lenovo,AMD,Ryzen 5,8,512,0,DOS,64,0,ThinNlight,1,0,0,57490,18,4
