,Weight,Casual,Gaming,ThinNlight
0,Casual,1.0,0.0,0.0
1,Casual,1.0,0.0,0.0
2,Casual,1.0,0.0,0.0
3,Casual,1.0,0.0,0.0
4,Casual,1.0,0.0,0.0
5,Casual,1.0,0.0,0.0
6,Casual,1.0,0.0,0.0
7,Casual,1.0,0.0,0.0
8,Casual,1.0,0.0,0.0
9,Casual,1.0,0.0,0.0
10,Casual,1.0,0.0,0.0
11,Casual,1.0,0.0,0.0
12,Casual,1.0,0.0,0.0
13,Casual,1.0,0.0,0.0
14,Casual,1.0,0.0,0.0
15,Casual,1.0,0.0,0.0
16,ThinNlight,0.0,0.0,1.0
17,ThinNlight,0.0,0.0,1.0
18,ThinNlight,0.0,0.0,1.0
19,Casual,1.0,0.0,0.0
20,Casual,1.0,0.0,0.0
21,Casual,1.0,0.0,0.0
22,Casual,1.0,0.0,0.0
23,ThinNlight,0.0,0.0,1.0
24,ThinNlight,0.0,0.0,1.0
25,Casual,1.0,0.0,0.0
26,ThinNlight,0.0,0.0,1.0
27,ThinNlight,0.0,0.0,1.0
28,ThinNlight,0.0,0.0,1.0
29,Casual,1.0,0.0,0.0
30,ThinNlight,0.0,0.0,1.0
31,ThinNlight,0.0,0.0,1.0
32,Casual,1.0,0.0,0.0
33,ThinNlight,0.0,0.0,1.0
34,ThinNlight,0.0,0.0,1.0
35,ThinNlight,0.0,0.0,1.0
36,Casual,1.0,0.0,0.0
37,ThinNlight,0.0,0.0,1.0
38,ThinNlight,0.0,0.0,1.0
39,ThinNlight,0.0,0.0,1.0
40,Casual,1.0,0.0,0.0
41,ThinNlight,0.0,0.0,1.0
42,Casual,1.0,0.0,0.0
43,Casual,1.0,0.0,0.0
44,Casual,1.0,0.0,0.0
45,ThinNlight,0.0,0.0,1.0
46,Casual,1.0,0.0,0.0
47,ThinNlight,0.0,0.0,1.0
48,ThinNlight,0.0,0.0,1.0
49,ThinNlight,0.0,0.0,1.0
50,Casual,1.0,0.0,0.0
51,ThinNlight,0.0,0.0,1.0
52,Casual,1.0,0.0,0.0
53,ThinNlight,0.0,0.0,1.0
54,Casual,1.0,0.0,0.0
55,ThinNlight,0.0,0.0,1.0
56,ThinNlight,0.0,0.0,1.0
57,ThinNlight,0.0,0.0,1.0
58,Casual,1.0,0.0,0.0
59,Casual,1.0,0.0,0.0
60,Casual,1.0,0.0,0.0
61,ThinNlight,0.0,0.0,1.0
62,Casual,1.0,0.0,0.0
63,Casual,1.0,0.0,0.0
64,Casual,1.0,0.0,0.0
65,Casual,1.0,0.0,0.0
66,Casual,1.0,0.0,0.0
67,Casual,1.0,0.0,0.0
68,Casual,1.0,0.0,0.0
69,Casual,1.0,0.0,0.0
70,ThinNlight,0.0,0.0,1.0
71,Casual,1.0,0.0,0.0
72,Casual,1.0,0.0,0.0
73,ThinNlight,0.0,0.0,1.0
74,Casual,1.0,0.0,0.0
75,Casual,1.0,0.0,0.0
76,Casual,1.0,0.0,0.0
77,ThinNlight,0.0,0.0,1.0
78,ThinNlight,0.0,0.0,1.0
79,ThinNlight,0.0,0.0,1.0
80,Casual,1.0,0.0,0.0
81,Casual,1.0,0.0,0.0
82,Casual,1.0,0.0,0.0
83,Casual,1.0,0.0,0.0
84,Casual,1.0,0.0,0.0
85,ThinNlight,0.0,0.0,1.0
86,ThinNlight,0.0,0.0,1.0
87,Casual,1.0,0.0,0.0
88,Casual,1.0,0.0,0.0
89,Casual,1.0,0.0,0.0
90,Casual,1.0,0.0,0.0
91,Casual,1.0,0.0,0.0
92,ThinNlight,0.0,0.0,1.0
93,ThinNlight,0.0,0.0,1.0
94,ThinNlight,0.0,0.0,1.0
95,ThinNlight,0.0,0.0,1.0
96,ThinNlight,0.0,0.0,1.0
97,ThinNlight,0.0,0.0,1.0
98,Casual,1.0,0.0,0.0
99,ThinNlight,0.0,0.0,1.0
100,ThinNlight,0.0,0.0,1.0
101,ThinNlight,0.0,0.0,1.0
102,Casual,1.0,0.0,0.0
103,Casual,1.0,0.0,0.0
104,ThinNlight,0.0,0.0,1.0
105,Casual,1.0,0.0,0.0
106,Casual,1.0,0.0,0.0
107,Casual,1.0,0.0,0.0
108,ThinNlight,0.0,0.0,1.0
109,ThinNlight,0.0,0.0,1.0
110,ThinNlight,0.0,0.0,1.0
111,ThinNlight,0.0,0.0,1.0
112,ThinNlight,0.0,0.0,1.0
113,Casual,1.0,0.0,0.0
114,Casual,1.0,0.0,0.0
115,Casual,1.0,0.0,0.0
116,ThinNlight,0.0,0.0,1.0
117,Casual,1.0,0.0,0.0
118,ThinNlight,0.0,0.0,1.0
119,Casual,1.0,0.0,0.0
120,Casual,1.0,0.0,0.0
121,ThinNlight,0.0,0.0,1.0
122,ThinNlight,0.0,0.0,1.0
123,Casual,1.0,0.0,0.0
124,Casual,1.0,0.0,0.0
125,ThinNlight,0.0,0.0,1.0
126,Casual,1.0,0.0,0.0
127,Casual,1.0,0.0,0.0
128,ThinNlight,0.0,0.0,1.0
129,ThinNlight,0.0,0.0,1.0
130,ThinNlight,0.0,0.0,1.0
131,ThinNlight,0.0,0.0,1.0
132,ThinNlight,0.0,0.0,1.0
133,Casual,1.0,0.0,0.0
134,Casual,1.0,0.0,0.0
135,Casual,1.0,0.0,0.0
136,ThinNlight,0.0,0.0,1.0
137,Casual,1.0,0.0,0.0
138,ThinNlight,0.0,0.0,1.0
139,Casual,1.0,0.0,0.0
140,ThinNlight,0.0,0.0,1.0
141,ThinNlight,0.0,0.0,1.0
142,ThinNlight,0.0,0.0,1.0
143,Casual,1.0,0.0,0.0
144,ThinNlight,0.0,0.0,1.0
145,ThinNlight,0.0,0.0,1.0
146,ThinNlight,0.0,0.0,1.0
147,ThinNlight,0.0,0.0,1.0
148,ThinNlight,0.0,0.0,1.0
149,Casual,1.0,0.0,0.0
150,Casual,1.0,0.0,0.0
151,ThinNlight,0.0,0.0,1.0
152,ThinNlight,0.0,0.0,1.0
153,Casual,1.0,0.0,0.0
154,ThinNlight,0.0,0.0,1.0
155,Casual,1.0,0.0,0.0
156,Casual,1.0,0.0,0.0
157,Casual,1.0,0.0,0.0
158,Casual,1.0,0.0,0.0
159,Casual,1.0,0.0,0.0
160,Casual,1.0,0.0,0.0
161,Casual,1.0,0.0,0.0
162,Casual,1.0,0.0,0.0
163,Casual,1.0,0.0,0.0
164,Casual,1.0,0.0,0.0
165,ThinNlight,0.0,0.0,1.0
166,ThinNlight,0.0,0.0,1.0
167,Casual,1.0,0.0,0.0
168,ThinNlight,0.0,0.0,1.0
169,Casual,1.0,0.0,0.0
170,Casual,1.0,0.0,0.0
171,Casual,1.0,0.0,0.0
172,ThinNlight,0.0,0.0,1.0
173,Casual,1.0,0.0,0.0
174,ThinNlight,0.0,0.0,1.0
175,ThinNlight,0.0,0.0,1.0
176,Casual,1.0,0.0,0.0
177,Casual,1.0,0.0,0.0
178,ThinNlight,0.0,0.0,1.0
179,ThinNlight,0.0,0.0,1.0
180,ThinNlight,0.0,0.0,1.0
181,Casual,1.0,0.0,0.0
182,ThinNlight,0.0,0.0,1.0
183,ThinNlight,0.0,0.0,1.0
184,Casual,1.0,0.0,0.0
185,Casual,1.0,0.0,0.0
186,Casual,1.0,0.0,0.0
187,Casual,1.0,0.0,0.0
188,Casual,1.0,0.0,0.0
189,Casual,1.0,0.0,0.0
190,Casual,1.0,0.0,0.0
191,Casual,1.0,0.0,0.0
192,Casual,1.0,0.0,0.0
193,Casual,1.0,0.0,0.0
194,Casual,1.0,0.0,0.0
195,Casual,1.0,0.0,0.0
196,Casual,1.0,0.0,0.0
197,ThinNlight,0.0,0.0,1.0
198,ThinNlight,0.0,0.0,1.0
199,Casual,1.0,0.0,0.0
200,Casual,1.0,0.0,0.0
201,ThinNlight,0.0,0.0,1.0
202,Casual,1.0,0.0,0.0
203,ThinNlight,0.0,0.0,1.0
204,ThinNlight,0.0,0.0,1.0
205,ThinNlight,0.0,0.0,1.0
206,ThinNlight,0.0,0.0,1.0
207,Casual,1.0,0.0,0.0
208,ThinNlight,0.0,0.0,1.0
209,ThinNlight,0.0,0.0,1.0
210,Casual,1.0,0.0,0.0
211,ThinNlight,0.0,0.0,1.0
212,ThinNlight,0.0,0.0,1.0
213,Casual,1.0,0.0,0.0
214,ThinNlight,0.0,0.0,1.0
215,Gaming,0.0,1.0,0.0
216,ThinNlight,0.0,0.0,1.0
217,ThinNlight,0.0,0.0,1.0
218,ThinNlight,0.0,0.0,1.0
219,ThinNlight,0.0,0.0,1.0
220,Casual,1.0,0.0,0.0
221,Casual,1.0,0.0,0.0
222,ThinNlight,0.0,0.0,1.0
223,ThinNlight,0.0,0.0,1.0
224,Gaming,0.0,1.0,0.0
225,Casual,1.0,0.0,0.0
226,ThinNlight,0.0,0.0,1.0
227,Gaming,0.0,1.0,0.0
228,Casual,1.0,0.0,0.0
229,Gaming,0.0,1.0,0.0
230,Casual,1.0,0.0,0.0
231,Gaming,0.0,1.0,0.0
232,Casual,1.0,0.0,0.0
233,Casual,1.0,0.0,0.0
234,ThinNlight,0.0,0.0,1.0
235,Casual,1.0,0.0,0.0
236,ThinNlight,0.0,0.0,1.0
237,Casual,1.0,0.0,0.0
238,ThinNlight,0.0,0.0,1.0
239,ThinNlight,0.0,0.0,1.0
240,ThinNlight,0.0,0.0,1.0
241,ThinNlight,0.0,0.0,1.0
242,Casual,1.0,0.0,0.0
243,Casual,1.0,0.0,0.0
244,Casual,1.0,0.0,0.0
245,ThinNlight,0.0,0.0,1.0
246,ThinNlight,0.0,0.0,1.0
247,ThinNlight,0.0,0.0,1.0
248,Casual,1.0,0.0,0.0
249,Gaming,0.0,1.0,0.0
250,ThinNlight,0.0,0.0,1.0
251,ThinNlight,0.0,0.0,1.0
252,ThinNlight,0.0,0.0,1.0
253,ThinNlight,0.0,0.0,1.0
254,ThinNlight,0.0,0.0,1.0
255,ThinNlight,0.0,0.0,1.0
256,Casual,1.0,0.0,0.0
257,Gaming,0.0,1.0,0.0
258,ThinNlight,0.0,0.0,1.0
259,Casual,1.0,0.0,0.0
260,ThinNlight,0.0,0.0,1.0
261,ThinNlight,0.0,0.0,1.0
262,Casual,1.0,0.0,0.0
263,Casual,1.0,0.0,0.0
264,ThinNlight,0.0,0.0,1.0
265,Casual,1.0,0.0,0.0
266,Casual,1.0,0.0,0.0
267,Casual,1.0,0.0,0.0
268,Casual,1.0,0.0,0.0
269,Casual,1.0,0.0,0.0
270,Casual,1.0,0.0,0.0
271,Casual,1.0,0.0,0.0
272,Casual,1.0,0.0,0.0
273,ThinNlight,0.0,0.0,1.0
274,Casual,1.0,0.0,0.0
275,ThinNlight,0.0,0.0,1.0
276,ThinNlight,0.0,0.0,1.0
277,Casual,1.0,0.0,0.0
278,Casual,1.0,0.0,0.0
279,ThinNlight,0.0,0.0,1.0
280,Gaming,0.0,1.0,0.0
281,Casual,1.0,0.0,0.0
282,ThinNlight,0.0,0.0,1.0
283,ThinNlight,0.0,0.0,1.0
284,Casual,1.0,0.0,0.0
285,Casual,1.0,0.0,0.0
286,Casual,1.0,0.0,0.0
287,Casual,1.0,0.0,0.0
288,ThinNlight,0.0,0.0,1.0
289,ThinNlight,0.0,0.0,1.0
290,Casual,1.0,0.0,0.0
291,ThinNlight,0.0,0.0,1.0
292,ThinNlight,0.0,0.0,1.0
293,Casual,1.0,0.0,0.0
294,Casual,1.0,0.0,0.0
295,ThinNlight,0.0,0.0,1.0
296,Casual,1.0,0.0,0.0
297,Casual,1.0,0.0,0.0
298,Casual,1.0,0.0,0.0
299,ThinNlight,0.0,0.0,1.0
300,Casual,1.0,0.0,0.0
301,Casual,1.0,0.0,0.0
302,ThinNlight,0.0,0.0,1.0
303,ThinNlight,0.0,0.0,1.0
304,Casual,1.0,0.0,0.0
305,Casual,1.0,0.0,0.0
306,Casual,1.0,0.0,0.0
307,Casual,1.0,0.0,0.0
308,ThinNlight,0.0,0.0,1.0
309,ThinNlight,0.0,0.0,1.0
310,Gaming,0.0,1.0,0.0
311,Casual,1.0,0.0,0.0
312,Casual,1.0,0.0,0.0
313,Casual,1.0,0.0,0.0
314,Casual,1.0,0.0,0.0
315,Gaming,0.0,1.0,0.0
316,Casual,1.0,0.0,0.0
317,Casual,1.0,0.0,0.0
318,Casual,1.0,0.0,0.0
319,Casual,1.0,0.0,0.0
320,Casual,1.0,0.0,0.0
321,ThinNlight,0.0,0.0,1.0
322,ThinNlight,0.0,0.0,1.0
323,ThinNlight,0.0,0.0,1.0
324,ThinNlight,0.0,0.0,1.0
325,Casual,1.0,0.0,0.0
326,Casual,1.0,0.0,0.0
327,Casual,1.0,0.0,0.0
328,Casual,1.0,0.0,0.0
329,Casual,1.0,0.0,0.0
330,Casual,1.0,0.0,0.0
331,Casual,1.0,0.0,0.0
332,Casual,1.0,0.0,0.0
333,ThinNlight,0.0,0.0,1.0
334,Casual,1.0,0.0,0.0
335,ThinNlight,0.0,0.0,1.0
336,Casual,1.0,0.0,0.0
337,ThinNlight,0.0,0.0,1.0
338,ThinNlight,0.0,0.0,1.0
339,Casual,1.0,0.0,0.0
340,Casual,1.0,0.0,0.0
341,ThinNlight,0.0,0.0,1.0
342,Casual,1.0,0.0,0.0
343,ThinNlight,0.0,0.0,1.0
344,Casual,1.0,0.0,0.0
345,Casual,1.0,0.0,0.0
346,Gaming,0.0,1.0,0.0
347,Casual,1.0,0.0,0.0
348,Casual,1.0,0.0,0.0
349,Casual,1.0,0.0,0.0
350,ThinNlight,0.0,0.0,1.0
351,Casual,1.0,0.0,0.0
352,ThinNlight,0.0,0.0,1.0
353,Casual,1.0,0.0,0.0
354,Casual,1.0,0.0,0.0
355,Casual,1.0,0.0,0.0
356,ThinNlight,0.0,0.0,1.0
357,Casual,1.0,0.0,0.0
358,ThinNlight,0.0,0.0,1.0
359,ThinNlight,0.0,0.0,1.0
360,Casual,1.0,0.0,0.0
361,Casual,1.0,0.0,0.0
362,Casual,1.0,0.0,0.0
363,Casual,1.0,0.0,0.0
364,Casual,1.0,0.0,0.0
365,ThinNlight,0.0,0.0,1.0
366,Casual,1.0,0.0,0.0
367,Casual,1.0,0.0,0.0
368,Casual,1.0,0.0,0.0
369,Casual,1.0,0.0,0.0
370,Casual,1.0,0.0,0.0
371,ThinNlight,0.0,0.0,1.0
372,Casual,1.0,0.0,0.0
373,Casual,1.0,0.0,0.0
374,Casual,1.0,0.0,0.0
375,Casual,1.0,0.0,0.0
376,Casual,1.0,0.0,0.0
377,Casual,1.0,0.0,0.0
378,Casual,1.0,0.0,0.0
379,Gaming,0.0,1.0,0.0
380,ThinNlight,0.0,0.0,1.0
381,ThinNlight,0.0,0.0,1.0
382,Casual,1.0,0.0,0.0
383,Casual,1.0,0.0,0.0
384,ThinNlight,0.0,0.0,1.0
385,Casual,1.0,0.0,0.0
386,Casual,1.0,0.0,0.0
387,Casual,1.0,0.0,0.0
388,ThinNlight,0.0,0.0,1.0
389,Casual,1.0,0.0,0.0
390,ThinNlight,0.0,0.0,1.0
391,Casual,1.0,0.0,0.0
392,Casual,1.0,0.0,0.0
393,Gaming,0.0,1.0,0.0
394,Gaming,0.0,1.0,0.0
395,Casual,1.0,0.0,0.0
396,Casual,1.0,0.0,0.0
397,Casual,1.0,0.0,0.0
398,Casual,1.0,0.0,0.0
399,Casual,1.0,0.0,0.0
400,Casual,1.0,0.0,0.0
401,ThinNlight,0.0,0.0,1.0
402,ThinNlight,0.0,0.0,1.0
403,ThinNlight,0.0,0.0,1.0
404,ThinNlight,0.0,0.0,1.0
405,Casual,1.0,0.0,0.0
406,ThinNlight,0.0,0.0,1.0
407,ThinNlight,0.0,0.0,1.0
408,Casual,1.0,0.0,0.0
409,ThinNlight,0.0,0.0,1.0
410,Casual,1.0,0.0,0.0
411,Casual,1.0,0.0,0.0
412,Casual,1.0,0.0,0.0
413,Casual,1.0,0.0,0.0
414,ThinNlight,0.0,0.0,1.0
415,Casual,1.0,0.0,0.0
416,Casual,1.0,0.0,0.0
417,ThinNlight,0.0,0.0,1.0
418,ThinNlight,0.0,0.0,1.0
419,Casual,1.0,0.0,0.0
420,Casual,1.0,0.0,0.0
421,Casual,1.0,0.0,0.0
422,Casual,1.0,0.0,0.0
423,Casual,1.0,0.0,0.0
424,Casual,1.0,0.0,0.0
425,Casual,1.0,0.0,0.0
426,Casual,1.0,0.0,0.0
427,Casual,1.0,0.0,0.0
428,Casual,1.0,0.0,0.0
429,Casual,1.0,0.0,0.0
430,Casual,1.0,0.0,0.0
431,Casual,1.0,0.0,0.0
432,Gaming,0.0,1.0,0.0
433,Casual,1.0,0.0,0.0
434,Casual,1.0,0.0,0.0
435,Casual,1.0,0.0,0.0
436,ThinNlight,0.0,0.0,1.0
437,Casual,1.0,0.0,0.0
438,Casual,1.0,0.0,0.0
439,Casual,1.0,0.0,0.0
440,Casual,1.0,0.0,0.0
441,Casual,1.0,0.0,0.0
442,Gaming,0.0,1.0,0.0
443,Casual,1.0,0.0,0.0
444,ThinNlight,0.0,0.0,1.0
445,Casual,1.0,0.0,0.0
446,ThinNlight,0.0,0.0,1.0
447,ThinNlight,0.0,0.0,1.0
448,Gaming,0.0,1.0,0.0
449,Casual,1.0,0.0,0.0
450,Casual,1.0,0.0,0.0
451,Casual,1.0,0.0,0.0
452,ThinNlight,0.0,0.0,1.0
453,Gaming,0.0,1.0,0.0
454,Casual,1.0,0.0,0.0
455,Casual,1.0,0.0,0.0
456,Casual,1.0,0.0,0.0
457,Casual,1.0,0.0,0.0
458,Casual,1.0,0.0,0.0
459,ThinNlight,0.0,0.0,1.0
460,Casual,1.0,0.0,0.0
461,Gaming,0.0,1.0,0.0
462,Casual,1.0,0.0,0.0
463,Casual,1.0,0.0,0.0
464,Casual,1.0,0.0,0.0
465,Casual,1.0,0.0,0.0
466,Casual,1.0,0.0,0.0
467,Casual,1.0,0.0,0.0
468,ThinNlight,0.0,0.0,1.0
469,Casual,1.0,0.0,0.0
470,Gaming,0.0,1.0,0.0
471,Casual,1.0,0.0,0.0
472,Gaming,0.0,1.0,0.0
473,Casual,1.0,0.0,0.0
474,Casual,1.0,0.0,0.0
475,Casual,1.0,0.0,0.0
476,Gaming,0.0,1.0,0.0
477,Casual,1.0,0.0,0.0
478,Casual,1.0,0.0,0.0
479,Casual,1.0,0.0,0.0
480,ThinNlight,0.0,0.0,1.0
481,Casual,1.0,0.0,0.0
482,Casual,1.0,0.0,0.0
483,Gaming,0.0,1.0,0.0
484,Casual,1.0,0.0,0.0
485,Casual,1.0,0.0,0.0
486,Gaming,0.0,1.0,0.0
487,Casual,1.0,0.0,0.0
488,Casual,1.0,0.0,0.0
489,Casual,1.0,0.0,0.0
490,Casual,1.0,0.0,0.0
491,Casual,1.0,0.0,0.0
492,Casual,1.0,0.0,0.0
493,ThinNlight,0.0,0.0,1.0
494,ThinNlight,0.0,0.0,1.0
495,Casual,1.0,0.0,0.0
496,Gaming,0.0,1.0,0.0
497,Casual,1.0,0.0,0.0
498,ThinNlight,0.0,0.0,1.0
499,Casual,1.0,0.0,0.0
500,ThinNlight,0.0,0.0,1.0
501,ThinNlight,0.0,0.0,1.0
502,Casual,1.0,0.0,0.0
503,Casual,1.0,0.0,0.0
504,Casual,1.0,0.0,0.0
505,ThinNlight,0.0,0.0,1.0
506,ThinNlight,0.0,0.0,1.0
507,ThinNlight,0.0,0.0,1.0
508,ThinNlight,0.0,0.0,1.0
509,ThinNlight,0.0,0.0,1.0
510,Casual,1.0,0.0,0.0
511,Casual,1.0,0.0,0.0
512,ThinNlight,0.0,0.0,1.0
513,Casual,1.0,0.0,0.0
514,ThinNlight,0.0,0.0,1.0
515,Casual,1.0,0.0,0.0
516,Casual,1.0,0.0,0.0
517,Casual,1.0,0.0,0.0
518,Casual,1.0,0.0,0.0
519,Gaming,0.0,1.0,0.0
520,Casual,1.0,0.0,0.0
521,ThinNlight,0.0,0.0,1.0
522,Casual,1.0,0.0,0.0
523,Casual,1.0,0.0,0.0
524,Casual,1.0,0.0,0.0
525,Casual,1.0,0.0,0.0
526,Casual,1.0,0.0,0.0
527,Casual,1.0,0.0,0.0
528,Casual,1.0,0.0,0.0
529,Casual,1.0,0.0,0.0
530,Casual,1.0,0.0,0.0
531,Casual,1.0,0.0,0.0
532,Casual,1.0,0.0,0.0
533,Casual,1.0,0.0,0.0
534,Casual,1.0,0.0,0.0
535,Casual,1.0,0.0,0.0
536,Casual,1.0,0.0,0.0
537,Casual,1.0,0.0,0.0
538,Casual,1.0,0.0,0.0
539,Casual,1.0,0.0,0.0
540,Casual,1.0,0.0,0.0
541,Casual,1.0,0.0,0.0
542,Casual,1.0,0.0,0.0
543,Casual,1.0,0.0,0.0
544,Casual,1.0,0.0,0.0
545,Casual,1.0,0.0,0.0
546,ThinNlight,0.0,0.0,1.0
547,Casual,1.0,0.0,0.0
548,Casual,1.0,0.0,0.0
549,Casual,1.0,0.0,0.0
550,ThinNlight,0.0,0.0,1.0
551,Casual,1.0,0.0,0.0
552,Casual,1.0,0.0,0.0
553,ThinNlight,0.0,0.0,1.0
554,Casual,1.0,0.0,0.0
555,Casual,1.0,0.0,0.0
556,Casual,1.0,0.0,0.0
557,Casual,1.0,0.0,0.0
558,Casual,1.0,0.0,0.0
559,Casual,1.0,0.0,0.0
560,Casual,1.0,0.0,0.0
561,Casual,1.0,0.0,0.0
562,Casual,1.0,0.0,0.0
563,Gaming,0.0,1.0,0.0
564,ThinNlight,0.0,0.0,1.0
565,Casual,1.0,0.0,0.0
566,Casual,1.0,0.0,0.0
567,ThinNlight,0.0,0.0,1.0
568,Casual,1.0,0.0,0.0
569,Casual,1.0,0.0,0.0
570,Casual,1.0,0.0,0.0
571,Casual,1.0,0.0,0.0
572,Casual,1.0,0.0,0.0
573,Casual,1.0,0.0,0.0
574,Casual,1.0,0.0,0.0
575,Gaming,0.0,1.0,0.0
576,Casual,1.0,0.0,0.0
577,Casual,1.0,0.0,0.0
578,Casual,1.0,0.0,0.0
579,Casual,1.0,0.0,0.0
580,Casual,1.0,0.0,0.0
581,Casual,1.0,0.0,0.0
582,Casual,1.0,0.0,0.0
583,Casual,1.0,0.0,0.0
584,Casual,1.0,0.0,0.0
585,Casual,1.0,0.0,0.0
586,Casual,1.0,0.0,0.0
587,Casual,1.0,0.0,0.0
588,Casual,1.0,0.0,0.0
589,Casual,1.0,0.0,0.0
590,Casual,1.0,0.0,0.0
591,Casual,1.0,0.0,0.0
592,Casual,1.0,0.0,0.0
593,Casual,1.0,0.0,0.0
594,Casual,1.0,0.0,0.0
595,Casual,1.0,0.0,0.0
596,Casual,1.0,0.0,0.0
597,Casual,1.0,0.0,0.0
598,Casual,1.0,0.0,0.0
599,Casual,1.0,0.0,0.0
600,Casual,1.0,0.0,0.0
601,Casual,1.0,0.0,0.0
602,Casual,1.0,0.0,0.0
603,Casual,1.0,0.0,0.0
604,ThinNlight,0.0,0.0,1.0
605,ThinNlight,0.0,0.0,1.0
606,Casual,1.0,0.0,0.0
607,ThinNlight,0.0,0.0,1.0
608,ThinNlight,0.0,0.0,1.0
609,Casual,1.0,0.0,0.0
610,Casual,1.0,0.0,0.0
611,Casual,1.0,0.0,0.0
612,Casual,1.0,0.0,0.0
613,Casual,1.0,0.0,0.0
614,ThinNlight,0.0,0.0,1.0
615,ThinNlight,0.0,0.0,1.0
616,ThinNlight,0.0,0.0,1.0
617,ThinNlight,0.0,0.0,1.0
618,ThinNlight,0.0,0.0,1.0
619,ThinNlight,0.0,0.0,1.0
620,ThinNlight,0.0,0.0,1.0
621,Casual,1.0,0.0,0.0
622,ThinNlight,0.0,0.0,1.0
623,Casual,1.0,0.0,0.0
624,ThinNlight,0.0,0.0,1.0
625,ThinNlight,0.0,0.0,1.0
626,Casual,1.0,0.0,0.0
627,ThinNlight,0.0,0.0,1.0
628,ThinNlight,0.0,0.0,1.0
629,ThinNlight,0.0,0.0,1.0
630,ThinNlight,0.0,0.0,1.0
631,ThinNlight,0.0,0.0,1.0
632,ThinNlight,0.0,0.0,1.0
633,ThinNlight,0.0,0.0,1.0
634,Casual,1.0,0.0,0.0
635,Casual,1.0,0.0,0.0
636,Casual,1.0,0.0,0.0
637,Casual,1.0,0.0,0.0
638,ThinNlight,0.0,0.0,1.0
639,Casual,1.0,0.0,0.0
640,Casual,1.0,0.0,0.0
641,ThinNlight,0.0,0.0,1.0
642,Casual,1.0,0.0,0.0
643,ThinNlight,0.0,0.0,1.0
644,Casual,1.0,0.0,0.0
645,ThinNlight,0.0,0.0,1.0
646,Casual,1.0,0.0,0.0
647,Gaming,0.0,1.0,0.0
648,ThinNlight,0.0,0.0,1.0
649,ThinNlight,0.0,0.0,1.0
650,Casual,1.0,0.0,0.0
651,ThinNlight,0.0,0.0,1.0
652,ThinNlight,0.0,0.0,1.0
653,Casual,1.0,0.0,0.0
654,Casual,1.0,0.0,0.0
655,Gaming,0.0,1.0,0.0
656,Casual,1.0,0.0,0.0
657,ThinNlight,0.0,0.0,1.0
658,Casual,1.0,0.0,0.0
659,Casual,1.0,0.0,0.0
660,Casual,1.0,0.0,0.0
661,ThinNlight,0.0,0.0,1.0
662,ThinNlight,0.0,0.0,1.0
663,Casual,1.0,0.0,0.0
664,Casual,1.0,0.0,0.0
665,Casual,1.0,0.0,0.0
666,ThinNlight,0.0,0.0,1.0
667,Casual,1.0,0.0,0.0
668,Casual,1.0,0.0,0.0
669,Casual,1.0,0.0,0.0
670,Casual,1.0,0.0,0.0
671,Casual,1.0,0.0,0.0
672,ThinNlight,0.0,0.0,1.0
673,ThinNlight,0.0,0.0,1.0
674,ThinNlight,0.0,0.0,1.0
675,Casual,1.0,0.0,0.0
676,ThinNlight,0.0,0.0,1.0
677,Casual,1.0,0.0,0.0
678,ThinNlight,0.0,0.0,1.0
679,Casual,1.0,0.0,0.0
680,Casual,1.0,0.0,0.0
681,ThinNlight,0.0,0.0,1.0
682,ThinNlight,0.0,0.0,1.0
683,Casual,1.0,0.0,0.0
684,Casual,1.0,0.0,0.0
685,Casual,1.0,0.0,0.0
686,ThinNlight,0.0,0.0,1.0
687,Casual,1.0,0.0,0.0
688,Casual,1.0,0.0,0.0
689,Casual,1.0,0.0,0.0
690,Casual,1.0,0.0,0.0
691,Casual,1.0,0.0,0.0
692,ThinNlight,0.0,0.0,1.0
693,ThinNlight,0.0,0.0,1.0
694,ThinNlight,0.0,0.0,1.0
695,ThinNlight,0.0,0.0,1.0
696,Casual,1.0,0.0,0.0
697,Casual,1.0,0.0,0.0
698,ThinNlight,0.0,0.0,1.0
699,Casual,1.0,0.0,0.0
700,ThinNlight,0.0,0.0,1.0
701,Casual,1.0,0.0,0.0
702,ThinNlight,0.0,0.0,1.0
703,Gaming,0.0,1.0,0.0
704,Casual,1.0,0.0,0.0
705,ThinNlight,0.0,0.0,1.0
706,Gaming,0.0,1.0,0.0
707,Casual,1.0,0.0,0.0
708,Casual,1.0,0.0,0.0
709,Casual,1.0,0.0,0.0
710,Casual,1.0,0.0,0.0
711,Casual,1.0,0.0,0.0
712,Gaming,0.0,1.0,0.0
713,Gaming,0.0,1.0,0.0
714,Casual,1.0,0.0,0.0
715,Casual,1.0,0.0,0.0
716,ThinNlight,0.0,0.0,1.0
717,ThinNlight,0.0,0.0,1.0
718,Gaming,0.0,1.0,0.0
719,Casual,1.0,0.0,0.0
720,Casual,1.0,0.0,0.0
721,Casual,1.0,0.0,0.0
722,Casual,1.0,0.0,0.0
723,Casual,1.0,0.0,0.0
724,Casual,1.0,0.0,0.0
725,Gaming,0.0,1.0,0.0
726,Casual,1.0,0.0,0.0
727,Casual,1.0,0.0,0.0
728,Casual,1.0,0.0,0.0
729,Casual,1.0,0.0,0.0
730,Casual,1.0,0.0,0.0
731,Casual,1.0,0.0,0.0
732,Casual,1.0,0.0,0.0
733,Casual,1.0,0.0,0.0
734,Casual,1.0,0.0,0.0
735,Casual,1.0,0.0,0.0
736,ThinNlight,0.0,0.0,1.0
737,Casual,1.0,0.0,0.0
738,Casual,1.0,0.0,0.0
739,ThinNlight,0.0,0.0,1.0
740,Casual,1.0,0.0,0.0
741,Casual,1.0,0.0,0.0
742,Casual,1.0,0.0,0.0
743,Casual,1.0,0.0,0.0
744,Casual,1.0,0.0,0.0
745,Casual,1.0,0.0,0.0
746,Casual,1.0,0.0,0.0
747,Casual,1.0,0.0,0.0
748,ThinNlight,0.0,0.0,1.0
749,Casual,1.0,0.0,0.0
750,Casual,1.0,0.0,0.0
751,Gaming,0.0,1.0,0.0
752,Casual,1.0,0.0,0.0
753,Casual,1.0,0.0,0.0
754,ThinNlight,0.0,0.0,1.0
755,ThinNlight,0.0,0.0,1.0
756,Casual,1.0,0.0,0.0
757,Casual,1.0,0.0,0.0
758,Casual,1.0,0.0,0.0
759,Gaming,0.0,1.0,0.0
760,Casual,1.0,0.0,0.0
761,Casual,1.0,0.0,0.0
762,Casual,1.0,0.0,0.0
763,Casual,1.0,0.0,0.0
764,Casual,1.0,0.0,0.0
765,Casual,1.0,0.0,0.0
766,Casual,1.0,0.0,0.0
767,Casual,1.0,0.0,0.0
768,Casual,1.0,0.0,0.0
769,ThinNlight,0.0,0.0,1.0
770,Gaming,0.0,1.0,0.0
771,Casual,1.0,0.0,0.0
772,Casual,1.0,0.0,0.0
773,Casual,1.0,0.0,0.0
774,Casual,1.0,0.0,0.0
775,Casual,1.0,0.0,0.0
776,Casual,1.0,0.0,0.0
777,Casual,1.0,0.0,0.0
778,Casual,1.0,0.0,0.0
779,Casual,1.0,0.0,0.0
780,Casual,1.0,0.0,0.0
781,Casual,1.0,0.0,0.0
782,Casual,1.0,0.0,0.0
783,Casual,1.0,0.0,0.0
784,Casual,1.0,0.0,0.0
785,Casual,1.0,0.0,0.0
786,Casual,1.0,0.0,0.0
787,Casual,1.0,0.0,0.0
788,Casual,1.0,0.0,0.0
789,Casual,1.0,0.0,0.0
790,Casual,1.0,0.0,0.0
791,Casual,1.0,0.0,0.0
792,Casual,1.0,0.0,0.0
793,Casual,1.0,0.0,0.0
794,Casual,1.0,0.0,0.0
795,Casual,1.0,0.0,0.0
796,Casual,1.0,0.0,0.0
797,Casual,1.0,0.0,0.0
798,Casual,1.0,0.0,0.0
799,Casual,1.0,0.0,0.0
800,ThinNlight,0.0,0.0,1.0
